Passo,Nível_de_Compartilhamento,Justiça,Satisfação,overallBalance,capacity,kappa,numberOfPeers,NoF,tMin,tMax,delta,seed
1,0.5,-0.6666666666666666,-0.3333333333333333,16.799999999999994,6.0,0.5,3,FD-NoF,0.75,0.95,0.05,1
2,0.5,0.0,0.3333333333333333,16.799999999999994,6.0,0.5,3,FD-NoF,0.75,0.95,0.05,1
3,0.5,1.0,1.0,16.799999999999994,6.0,0.5,3,FD-NoF,0.75,0.95,0.05,1
4,0.5,1.1666666666666667,1.0,16.799999999999994,6.0,0.5,3,FD-NoF,0.75,0.95,0.05,1
5,0.5,1.1666666666666667,1.0,16.799999999999994,6.0,0.5,3,FD-NoF,0.75,0.95,0.05,1
6,0.5,1.0,1.0,16.799999999999994,6.0,0.5,3,FD-NoF,0.75,0.95,0.05,1
7,0.5,1.0555555555555556,1.0,16.799999999999994,6.0,0.5,3,FD-NoF,0.75,0.95,0.05,1
8,0.5,1.0555555555555556,1.0,16.799999999999994,6.0,0.5,3,FD-NoF,0.75,0.95,0.05,1
9,0.5,1.0,1.0,16.799999999999994,6.0,0.5,3,FD-NoF,0.75,0.95,0.05,1
10,0.5,1.0277777777777777,1.0,16.799999999999994,6.0,0.5,3,FD-NoF,0.75,0.95,0.05,1
11,0.5,1.0277777777777777,1.0,16.799999999999994,6.0,0.5,3,FD-NoF,0.75,0.95,0.05,1
12,0.5,1.0,1.0,16.799999999999994,6.0,0.5,3,FD-NoF,0.75,0.95,0.05,1
13,0.44999999999999973,1.0137755102040817,0.9933333333333333,16.799999999999994,6.0,0.5,3,FD-NoF,0.75,0.95,0.05,1
14,0.39999999999999947,1.012641723356009,0.9799999999999999,16.799999999999994,6.0,0.5,3,FD-NoF,0.75,0.95,0.05,1
15,0.39999999999999947,1.000141723356009,0.9666666666666665,16.799999999999994,6.0,0.5,3,FD-NoF,0.75,0.95,0.05,1
16,0.2999999999999998,1.0061868686868687,0.9455555555555554,16.799999999999994,6.0,0.5,3,FD-NoF,0.75,0.95,0.05,1
17,0.24999999999999956,1.0050433581093958,0.9199999999999996,16.799999999999994,6.0,0.5,3,FD-NoF,0.75,0.95,0.05,1
18,0.24999999999999956,1.000457404230989,0.894444444444444,16.799999999999994,6.0,0.5,3,FD-NoF,0.75,0.95,0.05,1
19,0.1499999999999999,1.002710908696595,0.8650793650793648,16.799999999999994,6.0,0.5,3,FD-NoF,0.75,0.95,0.05,1
20,0.09999999999999964,1.0020839494489462,0.8325396825396822,16.799999999999994,6.0,0.5,3,FD-NoF,0.75,0.95,0.05,1
21,0.09999999999999964,1.0009404388714733,0.7999999999999998,16.799999999999994,6.0,0.5,3,FD-NoF,0.75,0.95,0.05,1
22,0.0,1.0009404388714733,0.7654761904761903,16.799999999999994,6.0,0.5,3,FD-NoF,0.75,0.95,0.05,1
23,0.0,1.0009404388714733,0.7327380952380951,16.799999999999994,6.0,0.5,3,FD-NoF,0.75,0.95,0.05,1
24,0.0,1.0009404388714733,0.6999999999999997,16.799999999999994,6.0,0.5,3,FD-NoF,0.75,0.95,0.05,1
25,0.0,1.0009404388714733,0.6731481481481478,16.799999999999994,6.0,0.5,3,FD-NoF,0.75,0.95,0.05,1
26,0.0,1.0009404388714733,0.6476851851851849,16.799999999999994,6.0,0.5,3,FD-NoF,0.75,0.95,0.05,1
27,0.0,1.0009404388714733,0.6222222222222219,16.799999999999994,6.0,0.5,3,FD-NoF,0.75,0.95,0.05,1
28,0.0,1.0009404388714733,0.6007407407407405,16.799999999999994,6.0,0.5,3,FD-NoF,0.75,0.95,0.05,1
29,0.0,1.0009404388714733,0.5803703703703701,16.799999999999994,6.0,0.5,3,FD-NoF,0.75,0.95,0.05,1
30,0.0,1.0009404388714733,0.5599999999999997,16.799999999999994,6.0,0.5,3,FD-NoF,0.75,0.95,0.05,1
31,0.0,1.0009404388714733,0.5424242424242421,16.799999999999994,6.0,0.5,3,FD-NoF,0.75,0.95,0.05,1
32,0.0,1.0009404388714733,0.5257575757575755,16.799999999999994,6.0,0.5,3,FD-NoF,0.75,0.95,0.05,1
33,0.0,1.0009404388714733,0.5090909090909089,16.799999999999994,6.0,0.5,3,FD-NoF,0.75,0.95,0.05,1
34,0.0,1.0009404388714733,0.49444444444444424,16.799999999999994,6.0,0.5,3,FD-NoF,0.75,0.95,0.05,1
35,0.0,1.0009404388714733,0.48055555555555535,16.799999999999994,6.0,0.5,3,FD-NoF,0.75,0.95,0.05,1
36,0.0,1.0009404388714733,0.4666666666666665,16.799999999999994,6.0,0.5,3,FD-NoF,0.75,0.95,0.05,1
37,0.0,1.0009404388714733,0.45427350427350405,16.799999999999994,6.0,0.5,3,FD-NoF,0.75,0.95,0.05,1
38,0.0,1.0009404388714733,0.44252136752136734,16.799999999999994,6.0,0.5,3,FD-NoF,0.75,0.95,0.05,1
39,0.0,1.0009404388714733,0.43076923076923057,16.799999999999994,6.0,0.5,3,FD-NoF,0.75,0.95,0.05,1
40,0.0,1.0009404388714733,0.42014652014652,16.799999999999994,6.0,0.5,3,FD-NoF,0.75,0.95,0.05,1
41,0.0,1.0009404388714733,0.41007326007325995,16.799999999999994,6.0,0.5,3,FD-NoF,0.75,0.95,0.05,1
42,0.0,1.0009404388714733,0.3999999999999999,16.799999999999994,6.0,0.5,3,FD-NoF,0.75,0.95,0.05,1
43,0.0,1.0009404388714733,0.39079365079365064,16.799999999999994,6.0,0.5,3,FD-NoF,0.75,0.95,0.05,1
44,0.0,1.0009404388714733,0.38206349206349194,16.799999999999994,6.0,0.5,3,FD-NoF,0.75,0.95,0.05,1
45,0.0,1.0009404388714733,0.37333333333333324,16.799999999999994,6.0,0.5,3,FD-NoF,0.75,0.95,0.05,1
46,0.0,1.0009404388714733,0.3652777777777776,16.799999999999994,6.0,0.5,3,FD-NoF,0.75,0.95,0.05,1
47,0.0,1.0009404388714733,0.3576388888888888,16.799999999999994,6.0,0.5,3,FD-NoF,0.75,0.95,0.05,1
48,0.0,1.0009404388714733,0.34999999999999987,16.799999999999994,6.0,0.5,3,FD-NoF,0.75,0.95,0.05,1
49,0.0,1.0009404388714733,0.342892156862745,16.799999999999994,6.0,0.5,3,FD-NoF,0.75,0.95,0.05,1
50,0.0,1.0009404388714733,0.3361519607843136,16.799999999999994,6.0,0.5,3,FD-NoF,0.75,0.95,0.05,1
51,0.0,1.0009404388714733,0.32941176470588224,16.799999999999994,6.0,0.5,3,FD-NoF,0.75,0.95,0.05,1
52,0.0,1.0009404388714733,0.3230936819172112,16.799999999999994,6.0,0.5,3,FD-NoF,0.75,0.95,0.05,1
53,0.0,1.0009404388714733,0.3171023965141611,16.799999999999994,6.0,0.5,3,FD-NoF,0.75,0.95,0.05,1
54,0.0,1.0009404388714733,0.31111111111111095,16.799999999999994,6.0,0.5,3,FD-NoF,0.75,0.95,0.05,1
55,0.0,1.0009404388714733,0.3054580896686159,16.799999999999994,6.0,0.5,3,FD-NoF,0.75,0.95,0.05,1
56,0.0,1.0009404388714733,0.3000974658869395,16.799999999999994,6.0,0.5,3,FD-NoF,0.75,0.95,0.05,1
57,0.0,1.0009404388714733,0.294736842105263,16.799999999999994,6.0,0.5,3,FD-NoF,0.75,0.95,0.05,1
58,0.0,1.0009404388714733,0.28964912280701743,16.799999999999994,6.0,0.5,3,FD-NoF,0.75,0.95,0.05,1
59,0.0,1.0009404388714733,0.2848245614035086,16.799999999999994,6.0,0.5,3,FD-NoF,0.75,0.95,0.05,1
60,0.0,1.0009404388714733,0.27999999999999986,16.799999999999994,6.0,0.5,3,FD-NoF,0.75,0.95,0.05,1
61,0.0,1.0009404388714733,0.2753968253968253,16.799999999999994,6.0,0.5,3,FD-NoF,0.75,0.95,0.05,1
62,0.0,1.0009404388714733,0.27103174603174596,16.799999999999994,6.0,0.5,3,FD-NoF,0.75,0.95,0.05,1
63,0.0,1.0009404388714733,0.26666666666666655,16.799999999999994,6.0,0.5,3,FD-NoF,0.75,0.95,0.05,1
64,0.0,1.0009404388714733,0.26248196248196237,16.799999999999994,6.0,0.5,3,FD-NoF,0.75,0.95,0.05,1
65,0.0,1.0009404388714733,0.2585137085137084,16.799999999999994,6.0,0.5,3,FD-NoF,0.75,0.95,0.05,1
66,0.0,1.0009404388714733,0.25454545454545446,16.799999999999994,6.0,0.5,3,FD-NoF,0.75,0.95,0.05,1
67,0.0,1.0009404388714733,0.2507246376811593,16.799999999999994,6.0,0.5,3,FD-NoF,0.75,0.95,0.05,1
68,0.0,1.0009404388714733,0.24710144927536223,16.799999999999994,6.0,0.5,3,FD-NoF,0.75,0.95,0.05,1
69,0.0,1.0009404388714733,0.24347826086956514,16.799999999999994,6.0,0.5,3,FD-NoF,0.75,0.95,0.05,1
70,0.0,1.0009404388714733,0.2399758454106279,16.799999999999994,6.0,0.5,3,FD-NoF,0.75,0.95,0.05,1
71,0.0,1.0009404388714733,0.23665458937198058,16.799999999999994,6.0,0.5,3,FD-NoF,0.75,0.95,0.05,1
72,0.0,1.0009404388714733,0.23333333333333325,16.799999999999994,6.0,0.5,3,FD-NoF,0.75,0.95,0.05,1
73,0.0,1.0009404388714733,0.23011111111111102,16.799999999999994,6.0,0.5,3,FD-NoF,0.75,0.95,0.05,1
74,0.0,1.0009404388714733,0.22705555555555545,16.799999999999994,6.0,0.5,3,FD-NoF,0.75,0.95,0.05,1
75,0.0,1.0009404388714733,0.2239999999999999,16.799999999999994,6.0,0.5,3,FD-NoF,0.75,0.95,0.05,1
76,0.0,1.0009404388714733,0.22102564102564093,16.799999999999994,6.0,0.5,3,FD-NoF,0.75,0.95,0.05,1
77,0.0,1.0009404388714733,0.21820512820512813,16.799999999999994,6.0,0.5,3,FD-NoF,0.75,0.95,0.05,1
78,0.0,1.0009404388714733,0.21538461538461529,16.799999999999994,6.0,0.5,3,FD-NoF,0.75,0.95,0.05,1
79,0.0,1.0009404388714733,0.21263057929724585,16.799999999999994,6.0,0.5,3,FD-NoF,0.75,0.95,0.05,1
80,0.0,1.0009404388714733,0.21001899335232663,16.799999999999994,6.0,0.5,3,FD-NoF,0.75,0.95,0.05,1
81,0.0,1.0009404388714733,0.20740740740740735,16.799999999999994,6.0,0.5,3,FD-NoF,0.75,0.95,0.05,1
82,0.0,1.0009404388714733,0.20485008818342143,16.799999999999994,6.0,0.5,3,FD-NoF,0.75,0.95,0.05,1
83,0.0,1.0009404388714733,0.2024250440917107,16.799999999999994,6.0,0.5,3,FD-NoF,0.75,0.95,0.05,1
84,0.0,1.0009404388714733,0.19999999999999996,16.799999999999994,6.0,0.5,3,FD-NoF,0.75,0.95,0.05,1
85,0.0,1.0009404388714733,0.19761904761904756,16.799999999999994,6.0,0.5,3,FD-NoF,0.75,0.95,0.05,1
86,0.0,1.0009404388714733,0.19536124794745477,16.799999999999994,6.0,0.5,3,FD-NoF,0.75,0.95,0.05,1
87,0.0,1.0009404388714733,0.193103448275862,16.799999999999994,6.0,0.5,3,FD-NoF,0.75,0.95,0.05,1
88,0.0,1.0009404388714733,0.19088122605363977,16.799999999999994,6.0,0.5,3,FD-NoF,0.75,0.95,0.05,1
89,0.0,1.0009404388714733,0.18877394636015318,16.799999999999994,6.0,0.5,3,FD-NoF,0.75,0.95,0.05,1
90,0.0,1.0009404388714733,0.18666666666666662,16.799999999999994,6.0,0.5,3,FD-NoF,0.75,0.95,0.05,1
91,0.0,1.0009404388714733,0.1845878136200716,16.799999999999994,6.0,0.5,3,FD-NoF,0.75,0.95,0.05,1
92,0.0,1.0009404388714733,0.18261648745519707,16.799999999999994,6.0,0.5,3,FD-NoF,0.75,0.95,0.05,1
93,0.0,1.0009404388714733,0.18064516129032251,16.799999999999994,6.0,0.5,3,FD-NoF,0.75,0.95,0.05,1
94,0.0,1.0009404388714733,0.17869623655913972,16.799999999999994,6.0,0.5,3,FD-NoF,0.75,0.95,0.05,1
95,0.0,1.0009404388714733,0.17684811827956984,16.799999999999994,6.0,0.5,3,FD-NoF,0.75,0.95,0.05,1
96,0.0,1.0009404388714733,0.17499999999999993,16.799999999999994,6.0,0.5,3,FD-NoF,0.75,0.95,0.05,1
97,0.0,1.0009404388714733,0.17316919191919186,16.799999999999994,6.0,0.5,3,FD-NoF,0.75,0.95,0.05,1
98,0.0,1.0009404388714733,0.17143308080808073,16.799999999999994,6.0,0.5,3,FD-NoF,0.75,0.95,0.05,1
99,0.0,1.0009404388714733,0.1696969696969696,16.799999999999994,6.0,0.5,3,FD-NoF,0.75,0.95,0.05,1
100,0.0,1.0009404388714733,0.16797385620915026,16.799999999999994,6.0,0.5,3,FD-NoF,0.75,0.95,0.05,1
101,0.0,1.0009404388714733,0.1663398692810457,16.799999999999994,6.0,0.5,3,FD-NoF,0.75,0.95,0.05,1
102,0.0,1.0009404388714733,0.16470588235294112,16.799999999999994,6.0,0.5,3,FD-NoF,0.75,0.95,0.05,1
103,0.0,1.0009404388714733,0.16308123249299714,16.799999999999994,6.0,0.5,3,FD-NoF,0.75,0.95,0.05,1
104,0.0,1.0009404388714733,0.16154061624649854,16.799999999999994,6.0,0.5,3,FD-NoF,0.75,0.95,0.05,1
105,0.0,1.0009404388714733,0.15999999999999992,16.799999999999994,6.0,0.5,3,FD-NoF,0.75,0.95,0.05,1
106,0.0,1.0009404388714733,0.1584656084656084,16.799999999999994,6.0,0.5,3,FD-NoF,0.75,0.95,0.05,1
107,0.0,1.0009404388714733,0.15701058201058193,16.799999999999994,6.0,0.5,3,FD-NoF,0.75,0.95,0.05,1
108,0.0,1.0009404388714733,0.15555555555555547,16.799999999999994,6.0,0.5,3,FD-NoF,0.75,0.95,0.05,1
109,0.0,1.0009404388714733,0.15410410410410405,16.799999999999994,6.0,0.5,3,FD-NoF,0.75,0.95,0.05,1
110,0.0,1.0009404388714733,0.15272772772772766,16.799999999999994,6.0,0.5,3,FD-NoF,0.75,0.95,0.05,1
111,0.0,1.0009404388714733,0.15135135135135128,16.799999999999994,6.0,0.5,3,FD-NoF,0.75,0.95,0.05,1
112,0.0,1.0009404388714733,0.1499762920815552,16.799999999999994,6.0,0.5,3,FD-NoF,0.75,0.95,0.05,1
113,0.0,1.0009404388714733,0.14867235656709335,16.799999999999994,6.0,0.5,3,FD-NoF,0.75,0.95,0.05,1
114,0.0,1.0009404388714733,0.1473684210526315,16.799999999999994,6.0,0.5,3,FD-NoF,0.75,0.95,0.05,1
115,0.0,1.0009404388714733,0.14606387764282494,16.799999999999994,6.0,0.5,3,FD-NoF,0.75,0.95,0.05,1
116,0.0,1.0009404388714733,0.14482681061628425,16.799999999999994,6.0,0.5,3,FD-NoF,0.75,0.95,0.05,1
117,0.0,1.0009404388714733,0.14358974358974355,16.799999999999994,6.0,0.5,3,FD-NoF,0.75,0.95,0.05,1
118,0.0,1.0009404388714733,0.1423504273504273,16.799999999999994,6.0,0.5,3,FD-NoF,0.75,0.95,0.05,1
119,0.0,1.0009404388714733,0.1411752136752136,16.799999999999994,6.0,0.5,3,FD-NoF,0.75,0.95,0.05,1
120,0.0,1.0009404388714733,0.13999999999999993,16.799999999999994,6.0,0.5,3,FD-NoF,0.75,0.95,0.05,1
121,0.0,1.0009404388714733,0.13882113821138206,16.799999999999994,6.0,0.5,3,FD-NoF,0.75,0.95,0.05,1
122,0.0,1.0009404388714733,0.1377032520325203,16.799999999999994,6.0,0.5,3,FD-NoF,0.75,0.95,0.05,1
123,0.0,1.0009404388714733,0.13658536585365846,16.799999999999994,6.0,0.5,3,FD-NoF,0.75,0.95,0.05,1
124,0.0,1.0009404388714733,0.13546264034068908,16.799999999999994,6.0,0.5,3,FD-NoF,0.75,0.95,0.05,1
125,0.0,1.0009404388714733,0.13439798683701118,16.799999999999994,6.0,0.5,3,FD-NoF,0.75,0.95,0.05,1
126,0.0,1.0009404388714733,0.13333333333333328,16.799999999999994,6.0,0.5,3,FD-NoF,0.75,0.95,0.05,1
127,0.0,1.0009404388714733,0.13226282761166477,16.799999999999994,6.0,0.5,3,FD-NoF,0.75,0.95,0.05,1
128,0.0,1.0009404388714733,0.13124769287559981,16.799999999999994,6.0,0.5,3,FD-NoF,0.75,0.95,0.05,1
129,0.0,1.0009404388714733,0.13023255813953485,16.799999999999994,6.0,0.5,3,FD-NoF,0.75,0.95,0.05,1
130,0.0,1.0009404388714733,0.12921071176885127,16.799999999999994,6.0,0.5,3,FD-NoF,0.75,0.95,0.05,1
131,0.0,1.0009404388714733,0.12824171952078925,16.799999999999994,6.0,0.5,3,FD-NoF,0.75,0.95,0.05,1
132,0.0,1.0009404388714733,0.12727272727272723,16.799999999999994,6.0,0.5,3,FD-NoF,0.75,0.95,0.05,1
133,0.0,1.0009404388714733,0.12629629629629627,16.799999999999994,6.0,0.5,3,FD-NoF,0.75,0.95,0.05,1
134,0.0,1.0009404388714733,0.12537037037037033,16.799999999999994,6.0,0.5,3,FD-NoF,0.75,0.95,0.05,1
135,0.0,1.0009404388714733,0.1244444444444444,16.799999999999994,6.0,0.5,3,FD-NoF,0.75,0.95,0.05,1
136,0.0,1.0009404388714733,0.12351046698872781,16.799999999999994,6.0,0.5,3,FD-NoF,0.75,0.95,0.05,1
137,0.0,1.0009404388714733,0.12262479871175519,16.799999999999994,6.0,0.5,3,FD-NoF,0.75,0.95,0.05,1
138,0.0,1.0009404388714733,0.12173913043478257,16.799999999999994,6.0,0.5,3,FD-NoF,0.75,0.95,0.05,1
139,0.0,1.0009404388714733,0.12084489670058585,16.799999999999994,6.0,0.5,3,FD-NoF,0.75,0.95,0.05,1
140,0.0,1.0009404388714733,0.11999691643539928,16.799999999999994,6.0,0.5,3,FD-NoF,0.75,0.95,0.05,1
141,0.0,1.0009404388714733,0.11914893617021272,16.799999999999994,6.0,0.5,3,FD-NoF,0.75,0.95,0.05,1
142,0.0,1.0009404388714733,0.11829196217494085,16.799999999999994,6.0,0.5,3,FD-NoF,0.75,0.95,0.05,1
143,0.0,1.0009404388714733,0.11747931442080373,16.799999999999994,6.0,0.5,3,FD-NoF,0.75,0.95,0.05,1
144,0.0,1.0009404388714733,0.11666666666666663,16.799999999999994,6.0,0.5,3,FD-NoF,0.75,0.95,0.05,1
145,0.0,1.0009404388714733,0.115844671201814,16.799999999999994,6.0,0.5,3,FD-NoF,0.75,0.95,0.05,1
146,0.0,1.0009404388714733,0.11506519274376413,16.799999999999994,6.0,0.5,3,FD-NoF,0.75,0.95,0.05,1
147,0.0,1.0009404388714733,0.11428571428571425,16.799999999999994,6.0,0.5,3,FD-NoF,0.75,0.95,0.05,1
148,0.0,1.0009404388714733,0.11349659863945573,16.799999999999994,6.0,0.5,3,FD-NoF,0.75,0.95,0.05,1
149,0.0,1.0009404388714733,0.11274829931972785,16.799999999999994,6.0,0.5,3,FD-NoF,0.75,0.95,0.05,1
150,0.0,1.0009404388714733,0.11199999999999995,16.799999999999994,6.0,0.5,3,FD-NoF,0.75,0.95,0.05,1
151,0.0,1.0009404388714733,0.11124183006535943,16.799999999999994,6.0,0.5,3,FD-NoF,0.75,0.95,0.05,1
152,0.0,1.0009404388714733,0.11052287581699342,16.799999999999994,6.0,0.5,3,FD-NoF,0.75,0.95,0.05,1
153,0.0,1.0009404388714733,0.10980392156862741,16.799999999999994,6.0,0.5,3,FD-NoF,0.75,0.95,0.05,1
154,0.0,1.0009404388714733,0.10907491201608845,16.799999999999994,6.0,0.5,3,FD-NoF,0.75,0.95,0.05,1
155,0.0,1.0009404388714733,0.10838360985419804,16.799999999999994,6.0,0.5,3,FD-NoF,0.75,0.95,0.05,1
156,0.0,1.0009404388714733,0.10769230769230764,16.799999999999994,6.0,0.5,3,FD-NoF,0.75,0.95,0.05,1
157,0.0,1.0009404388714733,0.10699080793420412,16.799999999999994,6.0,0.5,3,FD-NoF,0.75,0.95,0.05,1
158,0.0,1.0009404388714733,0.10632559264634732,16.799999999999994,6.0,0.5,3,FD-NoF,0.75,0.95,0.05,1
159,0.0,1.0009404388714733,0.10566037735849053,16.799999999999994,6.0,0.5,3,FD-NoF,0.75,0.95,0.05,1
160,0.0,1.0009404388714733,0.10498485907290933,16.799999999999994,6.0,0.5,3,FD-NoF,0.75,0.95,0.05,1
161,0.0,1.0009404388714733,0.1043442813883065,16.799999999999994,6.0,0.5,3,FD-NoF,0.75,0.95,0.05,1
162,0.0,1.0009404388714733,0.10370370370370367,16.799999999999994,6.0,0.5,3,FD-NoF,0.75,0.95,0.05,1
163,0.0,1.0009404388714733,0.10305274971941636,16.799999999999994,6.0,0.5,3,FD-NoF,0.75,0.95,0.05,1
164,0.0,1.0009404388714733,0.10243546576879907,16.799999999999994,6.0,0.5,3,FD-NoF,0.75,0.95,0.05,1
165,0.0,1.0009404388714733,0.10181818181818177,16.799999999999994,6.0,0.5,3,FD-NoF,0.75,0.95,0.05,1
166,0.0,1.0009404388714733,0.10119047619047616,16.799999999999994,6.0,0.5,3,FD-NoF,0.75,0.95,0.05,1
167,0.0,1.0009404388714733,0.10059523809523807,16.799999999999994,6.0,0.5,3,FD-NoF,0.75,0.95,0.05,1
168,0.0,1.0009404388714733,0.09999999999999998,16.799999999999994,6.0,0.5,3,FD-NoF,0.75,0.95,0.05,1
169,0.0,1.0009404388714733,0.0993943191311612,16.799999999999994,6.0,0.5,3,FD-NoF,0.75,0.95,0.05,1
170,0.0,1.0009404388714733,0.09881996658312446,16.799999999999994,6.0,0.5,3,FD-NoF,0.75,0.95,0.05,1
171,0.0,1.0009404388714733,0.09824561403508769,16.799999999999994,6.0,0.5,3,FD-NoF,0.75,0.95,0.05,1
172,0.0,1.0009404388714733,0.09766081871345027,16.799999999999994,6.0,0.5,3,FD-NoF,0.75,0.95,0.05,1
173,0.0,1.0009404388714733,0.09710627142569063,16.799999999999994,6.0,0.5,3,FD-NoF,0.75,0.95,0.05,1
174,0.0,1.0009404388714733,0.096551724137931,16.799999999999994,6.0,0.5,3,FD-NoF,0.75,0.95,0.05,1
175,0.0,1.0009404388714733,0.09598675238651856,16.799999999999994,6.0,0.5,3,FD-NoF,0.75,0.95,0.05,1
176,0.0,1.0009404388714733,0.09545100331190333,16.799999999999994,6.0,0.5,3,FD-NoF,0.75,0.95,0.05,1
177,0.0,1.0009404388714733,0.0949152542372881,16.799999999999994,6.0,0.5,3,FD-NoF,0.75,0.95,0.05,1
178,0.0,1.0009404388714733,0.09436911487758942,16.799999999999994,6.0,0.5,3,FD-NoF,0.75,0.95,0.05,1
179,0.0,1.0009404388714733,0.09385122410546136,16.799999999999994,6.0,0.5,3,FD-NoF,0.75,0.95,0.05,1
180,0.0,1.0009404388714733,0.09333333333333331,16.799999999999994,6.0,0.5,3,FD-NoF,0.75,0.95,0.05,1
181,0.0,1.0009404388714733,0.09280510018214932,16.799999999999994,6.0,0.5,3,FD-NoF,0.75,0.95,0.05,1
182,0.0,1.0009404388714733,0.09230418943533696,16.799999999999994,6.0,0.5,3,FD-NoF,0.75,0.95,0.05,1
183,0.0,1.0009404388714733,0.09180327868852456,16.799999999999994,6.0,0.5,3,FD-NoF,0.75,0.95,0.05,1
184,0.0,1.0009404388714733,0.09129208531641105,16.799999999999994,6.0,0.5,3,FD-NoF,0.75,0.95,0.05,1
185,0.0,1.0009404388714733,0.09080733298078614,16.799999999999994,6.0,0.5,3,FD-NoF,0.75,0.95,0.05,1
186,0.0,1.0009404388714733,0.09032258064516126,16.799999999999994,6.0,0.5,3,FD-NoF,0.75,0.95,0.05,1
187,0.0,1.0009404388714733,0.08982761563406721,16.799999999999994,6.0,0.5,3,FD-NoF,0.75,0.95,0.05,1
188,0.0,1.0009404388714733,0.08935825226147803,16.799999999999994,6.0,0.5,3,FD-NoF,0.75,0.95,0.05,1
189,0.0,1.0009404388714733,0.08888888888888885,16.799999999999994,6.0,0.5,3,FD-NoF,0.75,0.95,0.05,1
190,0.0,1.0009404388714733,0.0884093915343915,16.799999999999994,6.0,0.5,3,FD-NoF,0.75,0.95,0.05,1
191,0.0,1.0009404388714733,0.08795469576719574,16.799999999999994,6.0,0.5,3,FD-NoF,0.75,0.95,0.05,1
192,0.0,1.0009404388714733,0.08749999999999997,16.799999999999994,6.0,0.5,3,FD-NoF,0.75,0.95,0.05,1
193,0.0,1.0009404388714733,0.08703525641025638,16.799999999999994,6.0,0.5,3,FD-NoF,0.75,0.95,0.05,1
194,0.0,1.0009404388714733,0.08659455128205125,16.799999999999994,6.0,0.5,3,FD-NoF,0.75,0.95,0.05,1
195,0.0,1.0009404388714733,0.08615384615384612,16.799999999999994,6.0,0.5,3,FD-NoF,0.75,0.95,0.05,1
196,0.0,1.0009404388714733,0.08570318570318568,16.799999999999994,6.0,0.5,3,FD-NoF,0.75,0.95,0.05,1
197,0.0,1.0009404388714733,0.08527583527583525,16.799999999999994,6.0,0.5,3,FD-NoF,0.75,0.95,0.05,1
198,0.0,1.0009404388714733,0.0848484848484848,16.799999999999994,6.0,0.5,3,FD-NoF,0.75,0.95,0.05,1
199,0.0,1.0009404388714733,0.08441127694859034,16.799999999999994,6.0,0.5,3,FD-NoF,0.75,0.95,0.05,1
200,0.0,1.0009404388714733,0.08399668325041455,16.799999999999994,6.0,0.5,3,FD-NoF,0.75,0.95,0.05,1
201,0.0,1.0009404388714733,0.08358208955223878,16.799999999999994,6.0,0.5,3,FD-NoF,0.75,0.95,0.05,1
202,0.0,1.0009404388714733,0.08315774070822356,16.799999999999994,6.0,0.5,3,FD-NoF,0.75,0.95,0.05,1
203,0.0,1.0009404388714733,0.08275534094234706,16.799999999999994,6.0,0.5,3,FD-NoF,0.75,0.95,0.05,1
204,0.0,1.0009404388714733,0.08235294117647056,16.799999999999994,6.0,0.5,3,FD-NoF,0.75,0.95,0.05,1
205,0.0,1.0009404388714733,0.08194089229894853,16.799999999999994,6.0,0.5,3,FD-NoF,0.75,0.95,0.05,1
206,0.0,1.0009404388714733,0.0815501562944018,16.799999999999994,6.0,0.5,3,FD-NoF,0.75,0.95,0.05,1
207,0.0,1.0009404388714733,0.08115942028985505,16.799999999999994,6.0,0.5,3,FD-NoF,0.75,0.95,0.05,1
208,0.0,1.0009404388714733,0.08075914423740509,16.799999999999994,6.0,0.5,3,FD-NoF,0.75,0.95,0.05,1
209,0.0,1.0009404388714733,0.08037957211870252,16.799999999999994,6.0,0.5,3,FD-NoF,0.75,0.95,0.05,1
210,0.0,1.0009404388714733,0.07999999999999996,16.799999999999994,6.0,0.5,3,FD-NoF,0.75,0.95,0.05,1
211,0.0,1.0009404388714733,0.07961099932930915,16.799999999999994,6.0,0.5,3,FD-NoF,0.75,0.95,0.05,1
212,0.0,1.0009404388714733,0.07924211938296442,16.799999999999994,6.0,0.5,3,FD-NoF,0.75,0.95,0.05,1
213,0.0,1.0009404388714733,0.07887323943661968,16.799999999999994,6.0,0.5,3,FD-NoF,0.75,0.95,0.05,1
214,0.0,1.0009404388714733,0.07849504434011473,16.799999999999994,6.0,0.5,3,FD-NoF,0.75,0.95,0.05,1
215,0.0,1.0009404388714733,0.07813641105894624,16.799999999999994,6.0,0.5,3,FD-NoF,0.75,0.95,0.05,1
216,0.0,1.0009404388714733,0.07777777777777774,16.799999999999994,6.0,0.5,3,FD-NoF,0.75,0.95,0.05,1
217,0.0,1.0009404388714733,0.07740994419076608,16.799999999999994,6.0,0.5,3,FD-NoF,0.75,0.95,0.05,1
218,0.0,1.0009404388714733,0.07706113647894468,16.799999999999994,6.0,0.5,3,FD-NoF,0.75,0.95,0.05,1
219,0.0,1.0009404388714733,0.07671232876712326,16.799999999999994,6.0,0.5,3,FD-NoF,0.75,0.95,0.05,1
220,0.0,1.0009404388714733,0.0763544366284092,16.799999999999994,6.0,0.5,3,FD-NoF,0.75,0.95,0.05,1
221,0.0,1.0009404388714733,0.07601505615204242,16.799999999999994,6.0,0.5,3,FD-NoF,0.75,0.95,0.05,1
222,0.0,1.0009404388714733,0.07567567567567564,16.799999999999994,6.0,0.5,3,FD-NoF,0.75,0.95,0.05,1
223,0.0,1.0009404388714733,0.07532732732732729,16.799999999999994,6.0,0.5,3,FD-NoF,0.75,0.95,0.05,1
224,0.0,1.0009404388714733,0.07499699699699697,16.799999999999994,6.0,0.5,3,FD-NoF,0.75,0.95,0.05,1
225,0.0,1.0009404388714733,0.07466666666666665,16.799999999999994,6.0,0.5,3,FD-NoF,0.75,0.95,0.05,1
226,0.0,1.0009404388714733,0.07432748538011692,16.799999999999994,6.0,0.5,3,FD-NoF,0.75,0.95,0.05,1
227,0.0,1.0009404388714733,0.07400584795321635,16.799999999999994,6.0,0.5,3,FD-NoF,0.75,0.95,0.05,1
228,0.0,1.0009404388714733,0.07368421052631575,16.799999999999994,6.0,0.5,3,FD-NoF,0.75,0.95,0.05,1
229,0.0,1.0009404388714733,0.0733538391433128,16.799999999999994,6.0,0.5,3,FD-NoF,0.75,0.95,0.05,1
230,0.0,1.0009404388714733,0.07304055593529274,16.799999999999994,6.0,0.5,3,FD-NoF,0.75,0.95,0.05,1
231,0.0,1.0009404388714733,0.0727272727272727,16.799999999999994,6.0,0.5,3,FD-NoF,0.75,0.95,0.05,1
232,0.0,1.0009404388714733,0.07240537240537238,16.799999999999994,6.0,0.5,3,FD-NoF,0.75,0.95,0.05,1
233,0.0,1.0009404388714733,0.07210012210012208,16.799999999999994,6.0,0.5,3,FD-NoF,0.75,0.95,0.05,1
234,0.0,1.0009404388714733,0.07179487179487178,16.799999999999994,6.0,0.5,3,FD-NoF,0.75,0.95,0.05,1
235,0.0,1.0009404388714733,0.07148112084820944,16.799999999999994,6.0,0.5,3,FD-NoF,0.75,0.95,0.05,1
236,0.0,1.0009404388714733,0.07118359839878825,16.799999999999994,6.0,0.5,3,FD-NoF,0.75,0.95,0.05,1
237,0.0,1.0009404388714733,0.07088607594936706,16.799999999999994,6.0,0.5,3,FD-NoF,0.75,0.95,0.05,1
238,0.0,1.0009404388714733,0.07058016877637129,16.799999999999994,6.0,0.5,3,FD-NoF,0.75,0.95,0.05,1
239,0.0,1.0009404388714733,0.07029008438818563,16.799999999999994,6.0,0.5,3,FD-NoF,0.75,0.95,0.05,1
240,0.0,1.0009404388714733,0.06999999999999997,16.799999999999994,6.0,0.5,3,FD-NoF,0.75,0.95,0.05,1
241,0.0,1.0009404388714733,0.06970164609053496,16.799999999999994,6.0,0.5,3,FD-NoF,0.75,0.95,0.05,1
242,0.0,1.0009404388714733,0.06941872427983536,16.799999999999994,6.0,0.5,3,FD-NoF,0.75,0.95,0.05,1
243,0.0,1.0009404388714733,0.06913580246913577,16.799999999999994,6.0,0.5,3,FD-NoF,0.75,0.95,0.05,1
244,0.0,1.0009404388714733,0.06884472548429187,16.799999999999994,6.0,0.5,3,FD-NoF,0.75,0.95,0.05,1
245,0.0,1.0009404388714733,0.06856870420556055,16.799999999999994,6.0,0.5,3,FD-NoF,0.75,0.95,0.05,1
246,0.0,1.0009404388714733,0.06829268292682923,16.799999999999994,6.0,0.5,3,FD-NoF,0.75,0.95,0.05,1
247,0.0,1.0009404388714733,0.06800861984523456,16.799999999999994,6.0,0.5,3,FD-NoF,0.75,0.95,0.05,1
248,0.0,1.0009404388714733,0.06773924968165342,16.799999999999994,6.0,0.5,3,FD-NoF,0.75,0.95,0.05,1
249,0.0,1.0009404388714733,0.06746987951807226,16.799999999999994,6.0,0.5,3,FD-NoF,0.75,0.95,0.05,1
250,0.0,1.0009404388714733,0.06719257984318223,16.799999999999994,6.0,0.5,3,FD-NoF,0.75,0.95,0.05,1
251,0.0,1.0009404388714733,0.06692962325492444,16.799999999999994,6.0,0.5,3,FD-NoF,0.75,0.95,0.05,1
252,0.0,1.0009404388714733,0.06666666666666664,16.799999999999994,6.0,0.5,3,FD-NoF,0.75,0.95,0.05,1
253,0.0,1.0009404388714733,0.0663958916900093,16.799999999999994,6.0,0.5,3,FD-NoF,0.75,0.95,0.05,1
254,0.0,1.0009404388714733,0.06613912231559287,16.799999999999994,6.0,0.5,3,FD-NoF,0.75,0.95,0.05,1
255,0.0,1.0009404388714733,0.06588235294117643,16.799999999999994,6.0,0.5,3,FD-NoF,0.75,0.95,0.05,1
256,0.0,1.0009404388714733,0.06561787505699952,16.799999999999994,6.0,0.5,3,FD-NoF,0.75,0.95,0.05,1
257,0.0,1.0009404388714733,0.06536707706338347,16.799999999999994,6.0,0.5,3,FD-NoF,0.75,0.95,0.05,1
258,0.0,1.0009404388714733,0.06511627906976743,16.799999999999994,6.0,0.5,3,FD-NoF,0.75,0.95,0.05,1
259,0.0,1.0009404388714733,0.06485788113695089,16.799999999999994,6.0,0.5,3,FD-NoF,0.75,0.95,0.05,1
260,0.0,1.0009404388714733,0.06461284861445245,16.799999999999994,6.0,0.5,3,FD-NoF,0.75,0.95,0.05,1
261,0.0,1.0009404388714733,0.06436781609195401,16.799999999999994,6.0,0.5,3,FD-NoF,0.75,0.95,0.05,1
262,0.0,1.0009404388714733,0.06411529083942874,16.799999999999994,6.0,0.5,3,FD-NoF,0.75,0.95,0.05,1
263,0.0,1.0009404388714733,0.06387582723789618,16.799999999999994,6.0,0.5,3,FD-NoF,0.75,0.95,0.05,1
264,0.0,1.0009404388714733,0.06363636363636362,16.799999999999994,6.0,0.5,3,FD-NoF,0.75,0.95,0.05,1
265,0.0,1.0009404388714733,0.06338951310861421,16.799999999999994,6.0,0.5,3,FD-NoF,0.75,0.95,0.05,1
266,0.0,1.0009404388714733,0.06315543071161046,16.799999999999994,6.0,0.5,3,FD-NoF,0.75,0.95,0.05,1
267,0.0,1.0009404388714733,0.06292134831460672,16.799999999999994,6.0,0.5,3,FD-NoF,0.75,0.95,0.05,1
268,0.0,1.0009404388714733,0.06267998335414064,16.799999999999994,6.0,0.5,3,FD-NoF,0.75,0.95,0.05,1
269,0.0,1.0009404388714733,0.06245110278818141,16.799999999999994,6.0,0.5,3,FD-NoF,0.75,0.95,0.05,1
270,0.0,1.0009404388714733,0.0622222222222222,16.799999999999994,6.0,0.5,3,FD-NoF,0.75,0.95,0.05,1
271,0.0,1.0009404388714733,0.06198616198616196,16.799999999999994,6.0,0.5,3,FD-NoF,0.75,0.95,0.05,1
272,0.0,1.0009404388714733,0.061762311762311735,16.799999999999994,6.0,0.5,3,FD-NoF,0.75,0.95,0.05,1
273,0.0,1.0009404388714733,0.061538461538461514,16.799999999999994,6.0,0.5,3,FD-NoF,0.75,0.95,0.05,1
274,0.0,1.0009404388714733,0.061307533046663455,16.799999999999994,6.0,0.5,3,FD-NoF,0.75,0.95,0.05,1
275,0.0,1.0009404388714733,0.061088549132027374,16.799999999999994,6.0,0.5,3,FD-NoF,0.75,0.95,0.05,1
276,0.0,1.0009404388714733,0.060869565217391286,16.799999999999994,6.0,0.5,3,FD-NoF,0.75,0.95,0.05,1
277,0.0,1.0009404388714733,0.06064360292971791,16.799999999999994,6.0,0.5,3,FD-NoF,0.75,0.95,0.05,1
278,0.0,1.0009404388714733,0.06042932834657938,16.799999999999994,6.0,0.5,3,FD-NoF,0.75,0.95,0.05,1
279,0.0,1.0009404388714733,0.060215053763440836,16.799999999999994,6.0,0.5,3,FD-NoF,0.75,0.95,0.05,1
280,0.0,1.0009404388714733,0.05999389918401584,16.799999999999994,6.0,0.5,3,FD-NoF,0.75,0.95,0.05,1
281,0.0,1.0009404388714733,0.059784183634561096,16.799999999999994,6.0,0.5,3,FD-NoF,0.75,0.95,0.05,1
282,0.0,1.0009404388714733,0.05957446808510636,16.799999999999994,6.0,0.5,3,FD-NoF,0.75,0.95,0.05,1
283,0.0,1.0009404388714733,0.05935796939156399,16.799999999999994,6.0,0.5,3,FD-NoF,0.75,0.95,0.05,1
284,0.0,1.0009404388714733,0.059152668906308305,16.799999999999994,6.0,0.5,3,FD-NoF,0.75,0.95,0.05,1
285,0.0,1.0009404388714733,0.05894736842105261,16.799999999999994,6.0,0.5,3,FD-NoF,0.75,0.95,0.05,1
286,0.0,1.0009404388714733,0.058735380116959036,16.799999999999994,6.0,0.5,3,FD-NoF,0.75,0.95,0.05,1
287,0.0,1.0009404388714733,0.058534356725146175,16.799999999999994,6.0,0.5,3,FD-NoF,0.75,0.95,0.05,1
288,0.0,1.0009404388714733,0.05833333333333331,16.799999999999994,6.0,0.5,3,FD-NoF,0.75,0.95,0.05,1
289,0.0,1.0009404388714733,0.058125715922107656,16.799999999999994,6.0,0.5,3,FD-NoF,0.75,0.95,0.05,1
290,0.0,1.0009404388714733,0.05792883734249712,16.799999999999994,6.0,0.5,3,FD-NoF,0.75,0.95,0.05,1
291,0.0,1.0009404388714733,0.05773195876288658,16.799999999999994,6.0,0.5,3,FD-NoF,0.75,0.95,0.05,1
292,0.0,1.0009404388714733,0.05752857844168593,16.799999999999994,6.0,0.5,3,FD-NoF,0.75,0.95,0.05,1
293,0.0,1.0009404388714733,0.05733571779227153,16.799999999999994,6.0,0.5,3,FD-NoF,0.75,0.95,0.05,1
294,0.0,1.0009404388714733,0.05714285714285713,16.799999999999994,6.0,0.5,3,FD-NoF,0.75,0.95,0.05,1
295,0.0,1.0009404388714733,0.05694358551501407,16.799999999999994,6.0,0.5,3,FD-NoF,0.75,0.95,0.05,1
296,0.0,1.0009404388714733,0.0567546210403353,16.799999999999994,6.0,0.5,3,FD-NoF,0.75,0.95,0.05,1
297,0.0,1.0009404388714733,0.05656565656565654,16.799999999999994,6.0,0.5,3,FD-NoF,0.75,0.95,0.05,1
298,0.0,1.0009404388714733,0.05637037037037035,16.799999999999994,6.0,0.5,3,FD-NoF,0.75,0.95,0.05,1
299,0.0,1.0009404388714733,0.056185185185185164,16.799999999999994,6.0,0.5,3,FD-NoF,0.75,0.95,0.05,1
300,0.0,1.0009404388714733,0.05599999999999997,16.799999999999994,6.0,0.5,3,FD-NoF,0.75,0.95,0.05,1
301,0.0,1.0009404388714733,0.055808580858085786,16.799999999999994,6.0,0.5,3,FD-NoF,0.75,0.95,0.05,1
302,0.0,1.0009404388714733,0.0556270627062706,16.799999999999994,6.0,0.5,3,FD-NoF,0.75,0.95,0.05,1
303,0.0,1.0009404388714733,0.05544554455445542,16.799999999999994,6.0,0.5,3,FD-NoF,0.75,0.95,0.05,1
304,0.0,1.0009404388714733,0.05525787872904935,16.799999999999994,6.0,0.5,3,FD-NoF,0.75,0.95,0.05,1
305,0.0,1.0009404388714733,0.05507991975668153,16.799999999999994,6.0,0.5,3,FD-NoF,0.75,0.95,0.05,1
306,0.0,1.0009404388714733,0.054901960784313704,16.799999999999994,6.0,0.5,3,FD-NoF,0.75,0.95,0.05,1
307,0.0,1.0009404388714733,0.054717938955517464,16.799999999999994,6.0,0.5,3,FD-NoF,0.75,0.95,0.05,1
308,0.0,1.0009404388714733,0.0545434354971762,16.799999999999994,6.0,0.5,3,FD-NoF,0.75,0.95,0.05,1
309,0.0,1.0009404388714733,0.05436893203883494,16.799999999999994,6.0,0.5,3,FD-NoF,0.75,0.95,0.05,1
310,0.0,1.0009404388714733,0.054188449091361696,16.799999999999994,6.0,0.5,3,FD-NoF,0.75,0.95,0.05,1
311,0.0,1.0009404388714733,0.05401730146875775,16.799999999999994,6.0,0.5,3,FD-NoF,0.75,0.95,0.05,1
312,0.0,1.0009404388714733,0.05384615384615382,16.799999999999994,6.0,0.5,3,FD-NoF,0.75,0.95,0.05,1
313,0.0,1.0009404388714733,0.05366910866910865,16.799999999999994,6.0,0.5,3,FD-NoF,0.75,0.95,0.05,1
314,0.0,1.0009404388714733,0.05350122100122098,16.799999999999994,6.0,0.5,3,FD-NoF,0.75,0.95,0.05,1
315,0.0,1.0009404388714733,0.053333333333333316,16.799999999999994,6.0,0.5,3,FD-NoF,0.75,0.95,0.05,1
316,0.0,1.0009404388714733,0.05315962863132673,16.799999999999994,6.0,0.5,3,FD-NoF,0.75,0.95,0.05,1
317,0.0,1.0009404388714733,0.05299490865528599,16.799999999999994,6.0,0.5,3,FD-NoF,0.75,0.95,0.05,1
318,0.0,1.0009404388714733,0.052830188679245264,16.799999999999994,6.0,0.5,3,FD-NoF,0.75,0.95,0.05,1
319,0.0,1.0009404388714733,0.052659730794098615,16.799999999999994,6.0,0.5,3,FD-NoF,0.75,0.95,0.05,1
320,0.0,1.0009404388714733,0.05249808969611471,16.799999999999994,6.0,0.5,3,FD-NoF,0.75,0.95,0.05,1
321,0.0,1.0009404388714733,0.05233644859813082,16.799999999999994,6.0,0.5,3,FD-NoF,0.75,0.95,0.05,1
322,0.0,1.0009404388714733,0.05216914734048689,16.799999999999994,6.0,0.5,3,FD-NoF,0.75,0.95,0.05,1
323,0.0,1.0009404388714733,0.05201049959616936,16.799999999999994,6.0,0.5,3,FD-NoF,0.75,0.95,0.05,1
324,0.0,1.0009404388714733,0.051851851851851836,16.799999999999994,6.0,0.5,3,FD-NoF,0.75,0.95,0.05,1
325,0.0,1.0009404388714733,0.051687620342054576,16.799999999999994,6.0,0.5,3,FD-NoF,0.75,0.95,0.05,1
326,0.0,1.0009404388714733,0.051531883565522685,16.799999999999994,6.0,0.5,3,FD-NoF,0.75,0.95,0.05,1
327,0.0,1.0009404388714733,0.05137614678899081,16.799999999999994,6.0,0.5,3,FD-NoF,0.75,0.95,0.05,1
328,0.0,1.0009404388714733,0.05121490130664441,16.799999999999994,6.0,0.5,3,FD-NoF,0.75,0.95,0.05,1
329,0.0,1.0009404388714733,0.05106199610786765,16.799999999999994,6.0,0.5,3,FD-NoF,0.75,0.95,0.05,1
330,0.0,1.0009404388714733,0.05090909090909088,16.799999999999994,6.0,0.5,3,FD-NoF,0.75,0.95,0.05,1
331,0.0,1.0009404388714733,0.05075075075075073,16.799999999999994,6.0,0.5,3,FD-NoF,0.75,0.95,0.05,1
332,0.0,1.0009404388714733,0.050600600600600586,16.799999999999994,6.0,0.5,3,FD-NoF,0.75,0.95,0.05,1
333,0.0,1.0009404388714733,0.05045045045045043,16.799999999999994,6.0,0.5,3,FD-NoF,0.75,0.95,0.05,1
334,0.0,1.0009404388714733,0.05029493779493777,16.799999999999994,6.0,0.5,3,FD-NoF,0.75,0.95,0.05,1
335,0.0,1.0009404388714733,0.05014746889746888,16.799999999999994,6.0,0.5,3,FD-NoF,0.75,0.95,0.05,1
336,0.0,1.0009404388714733,0.04999999999999999,16.799999999999994,6.0,0.5,3,FD-NoF,0.75,0.95,0.05,1
337,0.0,1.0009404388714733,0.04984723978086808,16.799999999999994,6.0,0.5,3,FD-NoF,0.75,0.95,0.05,1
338,0.0,1.0009404388714733,0.04970238095238094,16.799999999999994,6.0,0.5,3,FD-NoF,0.75,0.95,0.05,1
339,0.0,1.0009404388714733,0.049557522123893784,16.799999999999994,6.0,0.5,3,FD-NoF,0.75,0.95,0.05,1
340,0.0,1.0009404388714733,0.049407441908606305,16.799999999999994,6.0,0.5,3,FD-NoF,0.75,0.95,0.05,1
341,0.0,1.0009404388714733,0.04926512446307507,16.799999999999994,6.0,0.5,3,FD-NoF,0.75,0.95,0.05,1
342,0.0,1.0009404388714733,0.049122807017543846,16.799999999999994,6.0,0.5,3,FD-NoF,0.75,0.95,0.05,1
343,0.0,1.0009404388714733,0.048975336892957015,16.799999999999994,6.0,0.5,3,FD-NoF,0.75,0.95,0.05,1
344,0.0,1.0009404388714733,0.04883549453343502,16.799999999999994,6.0,0.5,3,FD-NoF,0.75,0.95,0.05,1
345,0.0,1.0009404388714733,0.04869565217391302,16.799999999999994,6.0,0.5,3,FD-NoF,0.75,0.95,0.05,1
346,0.0,1.0009404388714733,0.04855072463768114,16.799999999999994,6.0,0.5,3,FD-NoF,0.75,0.95,0.05,1
347,0.0,1.0009404388714733,0.04841329335332332,16.799999999999994,6.0,0.5,3,FD-NoF,0.75,0.95,0.05,1
348,0.0,1.0009404388714733,0.0482758620689655,16.799999999999994,6.0,0.5,3,FD-NoF,0.75,0.95,0.05,1
349,0.0,1.0009404388714733,0.04813341192651536,16.799999999999994,6.0,0.5,3,FD-NoF,0.75,0.95,0.05,1
350,0.0,1.0009404388714733,0.0479983298948816,16.799999999999994,6.0,0.5,3,FD-NoF,0.75,0.95,0.05,1
351,0.0,1.0009404388714733,0.04786324786324784,16.799999999999994,6.0,0.5,3,FD-NoF,0.75,0.95,0.05,1
352,0.0,1.0009404388714733,0.047723212129991775,16.799999999999994,6.0,0.5,3,FD-NoF,0.75,0.95,0.05,1
353,0.0,1.0009404388714733,0.047590419624317905,16.799999999999994,6.0,0.5,3,FD-NoF,0.75,0.95,0.05,1
354,0.0,1.0009404388714733,0.04745762711864405,16.799999999999994,6.0,0.5,3,FD-NoF,0.75,0.95,0.05,1
355,0.0,1.0009404388714733,0.04731994492712338,16.799999999999994,6.0,0.5,3,FD-NoF,0.75,0.95,0.05,1
356,0.0,1.0009404388714733,0.047189384228267565,16.799999999999994,6.0,0.5,3,FD-NoF,0.75,0.95,0.05,1
357,0.0,1.0009404388714733,0.04705882352941174,16.799999999999994,6.0,0.5,3,FD-NoF,0.75,0.95,0.05,1
358,0.0,1.0009404388714733,0.04692343604108309,16.799999999999994,6.0,0.5,3,FD-NoF,0.75,0.95,0.05,1
359,0.0,1.0009404388714733,0.04679505135387487,16.799999999999994,6.0,0.5,3,FD-NoF,0.75,0.95,0.05,1
360,0.0,1.0009404388714733,0.046666666666666655,16.799999999999994,6.0,0.5,3,FD-NoF,0.75,0.95,0.05,1
361,0.0,1.0009404388714733,0.04653351698806243,16.799999999999994,6.0,0.5,3,FD-NoF,0.75,0.95,0.05,1
362,0.0,1.0009404388714733,0.0464072543617998,16.799999999999994,6.0,0.5,3,FD-NoF,0.75,0.95,0.05,1
363,0.0,1.0009404388714733,0.04628099173553717,16.799999999999994,6.0,0.5,3,FD-NoF,0.75,0.95,0.05,1
364,0.0,1.0009404388714733,0.046150024838549415,16.799999999999994,6.0,0.5,3,FD-NoF,0.75,0.95,0.05,1
365,0.0,1.0009404388714733,0.046025832091405844,16.799999999999994,6.0,0.5,3,FD-NoF,0.75,0.95,0.05,1
366,0.0,1.0009404388714733,0.04590163934426228,16.799999999999994,6.0,0.5,3,FD-NoF,0.75,0.95,0.05,1
367,0.0,1.0009404388714733,0.04577280199031497,16.799999999999994,6.0,0.5,3,FD-NoF,0.75,0.95,0.05,1
368,0.0,1.0009404388714733,0.04565062863743389,16.799999999999994,6.0,0.5,3,FD-NoF,0.75,0.95,0.05,1
369,0.0,1.0009404388714733,0.04552845528455283,16.799999999999994,6.0,0.5,3,FD-NoF,0.75,0.95,0.05,1
370,0.0,1.0009404388714733,0.04540169595244339,16.799999999999994,6.0,0.5,3,FD-NoF,0.75,0.95,0.05,1
371,0.0,1.0009404388714733,0.04528149313751201,16.799999999999994,6.0,0.5,3,FD-NoF,0.75,0.95,0.05,1
372,0.0,1.0009404388714733,0.04516129032258063,16.799999999999994,6.0,0.5,3,FD-NoF,0.75,0.95,0.05,1
373,0.0,1.0009404388714733,0.04503655913978493,16.799999999999994,6.0,0.5,3,FD-NoF,0.75,0.95,0.05,1
374,0.0,1.0009404388714733,0.04491827956989245,16.799999999999994,6.0,0.5,3,FD-NoF,0.75,0.95,0.05,1
375,0.0,1.0009404388714733,0.04479999999999998,16.799999999999994,6.0,0.5,3,FD-NoF,0.75,0.95,0.05,1
376,0.0,1.0009404388714733,0.044677248677248656,16.799999999999994,6.0,0.5,3,FD-NoF,0.75,0.95,0.05,1
377,0.0,1.0009404388714733,0.044560846560846544,16.799999999999994,6.0,0.5,3,FD-NoF,0.75,0.95,0.05,1
378,0.0,1.0009404388714733,0.044444444444444425,16.799999999999994,6.0,0.5,3,FD-NoF,0.75,0.95,0.05,1
379,0.0,1.0009404388714733,0.04432362621338998,16.799999999999994,6.0,0.5,3,FD-NoF,0.75,0.95,0.05,1
380,0.0,1.0009404388714733,0.04420905720118317,16.799999999999994,6.0,0.5,3,FD-NoF,0.75,0.95,0.05,1
381,0.0,1.0009404388714733,0.044094488188976357,16.799999999999994,6.0,0.5,3,FD-NoF,0.75,0.95,0.05,1
382,0.0,1.0009404388714733,0.04397555774278213,16.799999999999994,6.0,0.5,3,FD-NoF,0.75,0.95,0.05,1
383,0.0,1.0009404388714733,0.04386277887139106,16.799999999999994,6.0,0.5,3,FD-NoF,0.75,0.95,0.05,1
384,0.0,1.0009404388714733,0.04374999999999998,16.799999999999994,6.0,0.5,3,FD-NoF,0.75,0.95,0.05,1
385,0.0,1.0009404388714733,0.04363291343669249,16.799999999999994,6.0,0.5,3,FD-NoF,0.75,0.95,0.05,1
386,0.0,1.0009404388714733,0.04352188307493538,16.799999999999994,6.0,0.5,3,FD-NoF,0.75,0.95,0.05,1
387,0.0,1.0009404388714733,0.04341085271317827,16.799999999999994,6.0,0.5,3,FD-NoF,0.75,0.95,0.05,1
388,0.0,1.0009404388714733,0.04329556748161397,16.799999999999994,6.0,0.5,3,FD-NoF,0.75,0.95,0.05,1
389,0.0,1.0009404388714733,0.043186245279268516,16.799999999999994,6.0,0.5,3,FD-NoF,0.75,0.95,0.05,1
390,0.0,1.0009404388714733,0.04307692307692306,16.799999999999994,6.0,0.5,3,FD-NoF,0.75,0.95,0.05,1
391,0.0,1.0009404388714733,0.04296339792522997,16.799999999999994,6.0,0.5,3,FD-NoF,0.75,0.95,0.05,1
392,0.0,1.0009404388714733,0.042855744764141696,16.799999999999994,6.0,0.5,3,FD-NoF,0.75,0.95,0.05,1
393,0.0,1.0009404388714733,0.04274809160305342,16.799999999999994,6.0,0.5,3,FD-NoF,0.75,0.95,0.05,1
394,0.0,1.0009404388714733,0.042636286529416284,16.799999999999994,6.0,0.5,3,FD-NoF,0.75,0.95,0.05,1
395,0.0,1.0009404388714733,0.042530264476829345,16.799999999999994,6.0,0.5,3,FD-NoF,0.75,0.95,0.05,1
396,0.0,1.0009404388714733,0.0424242424242424,16.799999999999994,6.0,0.5,3,FD-NoF,0.75,0.95,0.05,1
397,0.0,1.0009404388714733,0.04231411862990808,16.799999999999994,6.0,0.5,3,FD-NoF,0.75,0.95,0.05,1
398,0.0,1.0009404388714733,0.0422096908939014,16.799999999999994,6.0,0.5,3,FD-NoF,0.75,0.95,0.05,1
399,0.0,1.0009404388714733,0.04210526315789472,16.799999999999994,6.0,0.5,3,FD-NoF,0.75,0.95,0.05,1
400,0.0,1.0009404388714733,0.0419967830022818,16.799999999999994,6.0,0.5,3,FD-NoF,0.75,0.95,0.05,1
401,0.0,1.0009404388714733,0.0418939138892006,16.799999999999994,6.0,0.5,3,FD-NoF,0.75,0.95,0.05,1
402,0.0,1.0009404388714733,0.04179104477611939,16.799999999999994,6.0,0.5,3,FD-NoF,0.75,0.95,0.05,1
403,0.0,1.0009404388714733,0.04168417173392296,16.799999999999994,6.0,0.5,3,FD-NoF,0.75,0.95,0.05,1
404,0.0,1.0009404388714733,0.04158282660770221,16.799999999999994,6.0,0.5,3,FD-NoF,0.75,0.95,0.05,1
405,0.0,1.0009404388714733,0.04148148148148146,16.799999999999994,6.0,0.5,3,FD-NoF,0.75,0.95,0.05,1
406,0.0,1.0009404388714733,0.04137618010167029,16.799999999999994,6.0,0.5,3,FD-NoF,0.75,0.95,0.05,1
407,0.0,1.0009404388714733,0.041276325344952784,16.799999999999994,6.0,0.5,3,FD-NoF,0.75,0.95,0.05,1
408,0.0,1.0009404388714733,0.04117647058823528,16.799999999999994,6.0,0.5,3,FD-NoF,0.75,0.95,0.05,1
409,0.0,1.0009404388714733,0.0410727064548447,16.799999999999994,6.0,0.5,3,FD-NoF,0.75,0.95,0.05,1
410,0.0,1.0009404388714733,0.0409743094318019,16.799999999999994,6.0,0.5,3,FD-NoF,0.75,0.95,0.05,1
411,0.0,1.0009404388714733,0.0408759124087591,16.799999999999994,6.0,0.5,3,FD-NoF,0.75,0.95,0.05,1
412,0.0,1.0009404388714733,0.04077365210338868,16.799999999999994,6.0,0.5,3,FD-NoF,0.75,0.95,0.05,1
413,0.0,1.0009404388714733,0.0406766811241581,16.799999999999994,6.0,0.5,3,FD-NoF,0.75,0.95,0.05,1
414,0.0,1.0009404388714733,0.040579710144927526,16.799999999999994,6.0,0.5,3,FD-NoF,0.75,0.95,0.05,1
415,0.0,1.0009404388714733,0.04047892121085739,16.799999999999994,6.0,0.5,3,FD-NoF,0.75,0.95,0.05,1
416,0.0,1.0009404388714733,0.040383345497515016,16.799999999999994,6.0,0.5,3,FD-NoF,0.75,0.95,0.05,1
417,0.0,1.0009404388714733,0.040287769784172645,16.799999999999994,6.0,0.5,3,FD-NoF,0.75,0.95,0.05,1
418,0.0,1.0009404388714733,0.0401884206920178,16.799999999999994,6.0,0.5,3,FD-NoF,0.75,0.95,0.05,1
419,0.0,1.0009404388714733,0.040094210346008886,16.799999999999994,6.0,0.5,3,FD-NoF,0.75,0.95,0.05,1
420,0.0,1.0009404388714733,0.03999999999999998,16.799999999999994,6.0,0.5,3,FD-NoF,0.75,0.95,0.05,1
421,0.0,1.0009404388714733,0.039902060114826055,16.799999999999994,6.0,0.5,3,FD-NoF,0.75,0.95,0.05,1
422,0.0,1.0009404388714733,0.039809186085781816,16.799999999999994,6.0,0.5,3,FD-NoF,0.75,0.95,0.05,1
423,0.0,1.0009404388714733,0.03971631205673757,16.799999999999994,6.0,0.5,3,FD-NoF,0.75,0.95,0.05,1
424,0.0,1.0009404388714733,0.03961975160656609,16.799999999999994,6.0,0.5,3,FD-NoF,0.75,0.95,0.05,1
425,0.0,1.0009404388714733,0.039528185662437966,16.799999999999994,6.0,0.5,3,FD-NoF,0.75,0.95,0.05,1
426,0.0,1.0009404388714733,0.03943661971830984,16.799999999999994,6.0,0.5,3,FD-NoF,0.75,0.95,0.05,1
427,0.0,1.0009404388714733,0.03934140976394496,16.799999999999994,6.0,0.5,3,FD-NoF,0.75,0.95,0.05,1
428,0.0,1.0009404388714733,0.03925112446239205,16.799999999999994,6.0,0.5,3,FD-NoF,0.75,0.95,0.05,1
429,0.0,1.0009404388714733,0.03916083916083914,16.799999999999994,6.0,0.5,3,FD-NoF,0.75,0.95,0.05,1
430,0.0,1.0009404388714733,0.03906695156695155,16.799999999999994,6.0,0.5,3,FD-NoF,0.75,0.95,0.05,1
431,0.0,1.0009404388714733,0.03897792022792021,16.799999999999994,6.0,0.5,3,FD-NoF,0.75,0.95,0.05,1
432,0.0,1.0009404388714733,0.03888888888888887,16.799999999999994,6.0,0.5,3,FD-NoF,0.75,0.95,0.05,1
433,0.0,1.0009404388714733,0.03879629629629628,16.799999999999994,6.0,0.5,3,FD-NoF,0.75,0.95,0.05,1
434,0.0,1.0009404388714733,0.03870849297573434,16.799999999999994,6.0,0.5,3,FD-NoF,0.75,0.95,0.05,1
435,0.0,1.0009404388714733,0.038620689655172395,16.799999999999994,6.0,0.5,3,FD-NoF,0.75,0.95,0.05,1
436,0.0,1.0009404388714733,0.038529365454259154,16.799999999999994,6.0,0.5,3,FD-NoF,0.75,0.95,0.05,1
437,0.0,1.0009404388714733,0.03844276491891039,16.799999999999994,6.0,0.5,3,FD-NoF,0.75,0.95,0.05,1
438,0.0,1.0009404388714733,0.03835616438356163,16.799999999999994,6.0,0.5,3,FD-NoF,0.75,0.95,0.05,1
439,0.0,1.0009404388714733,0.03826608268878326,16.799999999999994,6.0,0.5,3,FD-NoF,0.75,0.95,0.05,1
440,0.0,1.0009404388714733,0.03818066039201067,16.799999999999994,6.0,0.5,3,FD-NoF,0.75,0.95,0.05,1
441,0.0,1.0009404388714733,0.03809523809523808,16.799999999999994,6.0,0.5,3,FD-NoF,0.75,0.95,0.05,1
442,0.0,1.0009404388714733,0.038006373720659424,16.799999999999994,6.0,0.5,3,FD-NoF,0.75,0.95,0.05,1
443,0.0,1.0009404388714733,0.03792210577924862,16.799999999999994,6.0,0.5,3,FD-NoF,0.75,0.95,0.05,1
444,0.0,1.0009404388714733,0.03783783783783782,16.799999999999994,6.0,0.5,3,FD-NoF,0.75,0.95,0.05,1
445,0.0,1.0009404388714733,0.03775016627365619,16.799999999999994,6.0,0.5,3,FD-NoF,0.75,0.95,0.05,1
446,0.0,1.0009404388714733,0.03766702944555292,16.799999999999994,6.0,0.5,3,FD-NoF,0.75,0.95,0.05,1
447,0.0,1.0009404388714733,0.03758389261744965,16.799999999999994,6.0,0.5,3,FD-NoF,0.75,0.95,0.05,1
448,0.0,1.0009404388714733,0.03749739000745711,16.799999999999994,6.0,0.5,3,FD-NoF,0.75,0.95,0.05,1
449,0.0,1.0009404388714733,0.03741536167039521,16.799999999999994,6.0,0.5,3,FD-NoF,0.75,0.95,0.05,1
450,0.0,1.0009404388714733,0.03733333333333332,16.799999999999994,6.0,0.5,3,FD-NoF,0.75,0.95,0.05,1
451,0.0,1.0009404388714733,0.037247976453274455,16.799999999999994,6.0,0.5,3,FD-NoF,0.75,0.95,0.05,1
452,0.0,1.0009404388714733,0.03716703458425311,16.799999999999994,6.0,0.5,3,FD-NoF,0.75,0.95,0.05,1
453,0.0,1.0009404388714733,0.03708609271523178,16.799999999999994,6.0,0.5,3,FD-NoF,0.75,0.95,0.05,1
454,0.0,1.0009404388714733,0.03700185895201579,16.799999999999994,6.0,0.5,3,FD-NoF,0.75,0.95,0.05,1
455,0.0,1.0009404388714733,0.03692198210758684,16.799999999999994,6.0,0.5,3,FD-NoF,0.75,0.95,0.05,1
456,0.0,1.0009404388714733,0.03684210526315788,16.799999999999994,6.0,0.5,3,FD-NoF,0.75,0.95,0.05,1
457,0.0,1.0009404388714733,0.03675897259488589,16.799999999999994,6.0,0.5,3,FD-NoF,0.75,0.95,0.05,1
458,0.0,1.0009404388714733,0.036680139892214185,16.799999999999994,6.0,0.5,3,FD-NoF,0.75,0.95,0.05,1
459,0.0,1.0009404388714733,0.03660130718954247,16.799999999999994,6.0,0.5,3,FD-NoF,0.75,0.95,0.05,1
460,0.0,1.0009404388714733,0.03651925416631297,16.799999999999994,6.0,0.5,3,FD-NoF,0.75,0.95,0.05,1
461,0.0,1.0009404388714733,0.03644144526497466,16.799999999999994,6.0,0.5,3,FD-NoF,0.75,0.95,0.05,1
462,0.0,1.0009404388714733,0.03636363636363635,16.799999999999994,6.0,0.5,3,FD-NoF,0.75,0.95,0.05,1
463,0.0,1.0009404388714733,0.03628264208909369,16.799999999999994,6.0,0.5,3,FD-NoF,0.75,0.95,0.05,1
464,0.0,1.0009404388714733,0.03620583717357909,16.799999999999994,6.0,0.5,3,FD-NoF,0.75,0.95,0.05,1
465,0.0,1.0009404388714733,0.0361290322580645,16.799999999999994,6.0,0.5,3,FD-NoF,0.75,0.95,0.05,1
466,0.0,1.0009404388714733,0.036049076371657,16.799999999999994,6.0,0.5,3,FD-NoF,0.75,0.95,0.05,1
467,0.0,1.0009404388714733,0.035973256134546445,16.799999999999994,6.0,0.5,3,FD-NoF,0.75,0.95,0.05,1
468,0.0,1.0009404388714733,0.03589743589743589,16.799999999999994,6.0,0.5,3,FD-NoF,0.75,0.95,0.05,1
469,0.0,1.0009404388714733,0.03581849855735205,16.799999999999994,6.0,0.5,3,FD-NoF,0.75,0.95,0.05,1
470,0.0,1.0009404388714733,0.03574364418313462,16.799999999999994,6.0,0.5,3,FD-NoF,0.75,0.95,0.05,1
471,0.0,1.0009404388714733,0.03566878980891719,16.799999999999994,6.0,0.5,3,FD-NoF,0.75,0.95,0.05,1
472,0.0,1.0009404388714733,0.03559085167566985,16.799999999999994,6.0,0.5,3,FD-NoF,0.75,0.95,0.05,1
473,0.0,1.0009404388714733,0.03551694482517669,16.799999999999994,6.0,0.5,3,FD-NoF,0.75,0.95,0.05,1
474,0.0,1.0009404388714733,0.03544303797468353,16.799999999999994,6.0,0.5,3,FD-NoF,0.75,0.95,0.05,1
475,0.0,1.0009404388714733,0.03536608019531353,16.799999999999994,6.0,0.5,3,FD-NoF,0.75,0.95,0.05,1
476,0.0,1.0009404388714733,0.03529310299073852,16.799999999999994,6.0,0.5,3,FD-NoF,0.75,0.95,0.05,1
477,0.0,1.0009404388714733,0.035220125786163514,16.799999999999994,6.0,0.5,3,FD-NoF,0.75,0.95,0.05,1
478,0.0,1.0009404388714733,0.035144129979035627,16.799999999999994,6.0,0.5,3,FD-NoF,0.75,0.95,0.05,1
479,0.0,1.0009404388714733,0.03507206498951781,16.799999999999994,6.0,0.5,3,FD-NoF,0.75,0.95,0.05,1
480,0.0,1.0009404388714733,0.03499999999999998,16.799999999999994,6.0,0.5,3,FD-NoF,0.75,0.95,0.05,1
481,0.0,1.0009404388714733,0.03492494824016562,16.799999999999994,6.0,0.5,3,FD-NoF,0.75,0.95,0.05,1
482,0.0,1.0009404388714733,0.03485377846790889,16.799999999999994,6.0,0.5,3,FD-NoF,0.75,0.95,0.05,1
483,0.0,1.0009404388714733,0.03478260869565216,16.799999999999994,6.0,0.5,3,FD-NoF,0.75,0.95,0.05,1
484,0.0,1.0009404388714733,0.03470848350075401,16.799999999999994,6.0,0.5,3,FD-NoF,0.75,0.95,0.05,1
485,0.0,1.0009404388714733,0.03463819236766095,16.799999999999994,6.0,0.5,3,FD-NoF,0.75,0.95,0.05,1
486,0.0,1.0009404388714733,0.034567901234567884,16.799999999999994,6.0,0.5,3,FD-NoF,0.75,0.95,0.05,1
487,0.0,1.0009404388714733,0.03449468555126359,16.799999999999994,6.0,0.5,3,FD-NoF,0.75,0.95,0.05,1
488,0.0,1.0009404388714733,0.03442525688606124,16.799999999999994,6.0,0.5,3,FD-NoF,0.75,0.95,0.05,1
489,0.0,1.0009404388714733,0.034355828220858885,16.799999999999994,6.0,0.5,3,FD-NoF,0.75,0.95,0.05,1
490,0.0,1.0009404388714733,0.03428350541174122,16.799999999999994,6.0,0.5,3,FD-NoF,0.75,0.95,0.05,1
491,0.0,1.0009404388714733,0.03421492343757792,16.799999999999994,6.0,0.5,3,FD-NoF,0.75,0.95,0.05,1
492,0.0,1.0009404388714733,0.034146341463414616,16.799999999999994,6.0,0.5,3,FD-NoF,0.75,0.95,0.05,1
493,0.0,1.0009404388714733,0.03407489529440747,16.799999999999994,6.0,0.5,3,FD-NoF,0.75,0.95,0.05,1
494,0.0,1.0009404388714733,0.03400714461690069,16.799999999999994,6.0,0.5,3,FD-NoF,0.75,0.95,0.05,1
495,0.0,1.0009404388714733,0.03393939393939393,16.799999999999994,6.0,0.5,3,FD-NoF,0.75,0.95,0.05,1
496,0.0,1.0009404388714733,0.03386880856760374,16.799999999999994,6.0,0.5,3,FD-NoF,0.75,0.95,0.05,1
497,0.0,1.0009404388714733,0.03380187416331993,16.799999999999994,6.0,0.5,3,FD-NoF,0.75,0.95,0.05,1
498,0.0,1.0009404388714733,0.03373493975903613,16.799999999999994,6.0,0.5,3,FD-NoF,0.75,0.95,0.05,1
499,0.0,1.0009404388714733,0.03366519972103983,16.799999999999994,6.0,0.5,3,FD-NoF,0.75,0.95,0.05,1
500,0.0,1.0009404388714733,0.03359906692638818,16.799999999999994,6.0,0.5,3,FD-NoF,0.75,0.95,0.05,1
501,0.0,1.0009404388714733,0.03353293413173652,16.799999999999994,6.0,0.5,3,FD-NoF,0.75,0.95,0.05,1
