Step,TotalDoado,nivelCompartilhamento,fairness,satisfaction,overallBalance,capacity,kappa,numberOfPeers,NoF,tMin,tMax,delta,seed
1,2815.0,0.4691666666666667,-0.36666666666666664,-0.6666666666666666,134045.81173907017,6000.0,0.7632863340563991,60,Transitive FD-NoF,0.75,0.95,0.05,28
2,1475.9999999999982,0.2459999999999997,-0.07203740953582552,-0.5333333333333333,134045.81173907017,6000.0,0.4081858407079646,60,Transitive FD-NoF,0.75,0.95,0.05,28
3,3408.000000000001,0.5680000000000002,0.9146528743847119,-0.4333333333333334,134045.81173907017,6000.0,0.9670828603859251,60,Transitive FD-NoF,0.75,0.95,0.05,28
4,2411.000000000001,0.4018333333333335,1.2152594623942763,-0.4000000000000001,134045.81173907017,6000.0,0.6691645850679989,60,Transitive FD-NoF,0.75,0.95,0.05,28
5,791.999999999999,0.13199999999999984,1.5011716481801771,-0.3333333333333333,134045.81173907017,6000.0,0.22006112809113643,60,Transitive FD-NoF,0.75,0.95,0.05,28
6,2526.9999999999973,0.4211666666666662,2.1050130478071574,-0.3,134045.81173907017,6000.0,0.7224128073184677,60,Transitive FD-NoF,0.75,0.95,0.05,28
7,3249.720746428492,0.5416201244047487,2.957635244775209,-0.27247294542847184,134045.81173907017,6000.0,1.6455995274660367,60,Transitive FD-NoF,0.75,0.95,0.05,28
8,2049.999999999988,0.3416666666666647,2.9805949601919273,-0.239139612095138,134045.81173907017,6000.0,0.6408252578930916,60,Transitive FD-NoF,0.75,0.95,0.05,28
9,2776.0000000000387,0.4626666666666731,2.9720602658689605,-0.172472945428471,134045.81173907017,6000.0,0.8093294460641399,60,Transitive FD-NoF,0.75,0.95,0.05,28
10,1494.9999999999882,0.2491666666666647,3.000626185373117,-0.17247294542847114,134045.81173907017,6000.0,0.40625,60,Transitive FD-NoF,0.75,0.95,0.05,28
11,1604.9999999999975,0.26749999999999957,2.754511669777599,-0.1391396120951378,134045.81173907017,6000.0,0.47122724603640637,60,Transitive FD-NoF,0.75,0.95,0.05,28
12,1595.000000000009,0.26583333333333486,2.8413261424610923,-0.1391396120951378,134045.81173907017,6000.0,0.47969924812030074,60,Transitive FD-NoF,0.75,0.95,0.05,28
13,695.0000000000002,0.11583333333333337,2.915438153432921,-0.03913961209513781,134045.81173907017,6000.0,0.20617027588252743,60,Transitive FD-NoF,0.75,0.95,0.05,28
14,1670.000000000029,0.2783333333333382,2.6716936212955225,-0.005806278761804159,134045.81173907017,6000.0,0.48363741673906746,60,Transitive FD-NoF,0.75,0.95,0.05,28
15,1961.000000000012,0.32683333333333536,2.812206843931355,-0.005806278761804381,134045.81173907017,6000.0,0.6435838529701345,60,Transitive FD-NoF,0.75,0.95,0.05,28
16,2581.0550593796747,0.4301758432299458,2.923591147032427,0.02719861628240337,134045.81173907017,6000.0,0.802158273381295,60,Transitive FD-NoF,0.75,0.95,0.05,28
17,2092.9999999999986,0.3488333333333331,2.9428575967787864,0.02723744701717247,134045.81173907017,6000.0,0.6795454545454546,60,Transitive FD-NoF,0.75,0.95,0.05,28
18,545.0000000000016,0.0908333333333336,2.9630011575459645,0.060574598546544706,134045.81173907017,6000.0,0.1630272210589291,60,Transitive FD-NoF,0.75,0.95,0.05,28
19,2758.00000000027,0.4596666666667117,2.9062583309220065,0.060589658105547256,134045.81173907017,6000.0,0.8201011002081475,60,Transitive FD-NoF,0.75,0.95,0.05,28
20,628.9999999999832,0.10483333333333053,2.891141145853212,0.06060020775409007,134045.81173907017,6000.0,0.17894736842105263,60,Transitive FD-NoF,0.75,0.95,0.05,28
21,507.0000000000426,0.0845000000000071,2.700385655939821,0.06060829045751578,134045.81173907017,6000.0,0.1424557459960663,60,Transitive FD-NoF,0.75,0.95,0.05,28
22,2461.9999999999477,0.4103333333333246,2.76273264387552,0.0606086513988187,134045.81173907017,6000.0,0.6896358543417367,60,Transitive FD-NoF,0.75,0.95,0.05,28
23,2860.4854988289,0.47674758313814997,2.8176723575628833,0.05916349649226633,134045.81173907017,6000.0,0.9950693374422188,60,Transitive FD-NoF,0.75,0.95,0.05,28
24,919.9999999999966,0.15333333333333277,2.8028789215242544,0.05934514422892644,134045.81173907017,6000.0,0.2542841348811498,60,Transitive FD-NoF,0.75,0.95,0.05,28
25,1371.000000000015,0.2285000000000025,2.810946433020763,0.09269789052353114,134045.81173907017,6000.0,0.44154589371980674,60,Transitive FD-NoF,0.75,0.95,0.05,28
26,983.0000000000086,0.16383333333333477,2.7044457630196774,0.09270535435657448,134045.81173907017,6000.0,0.3107809042048688,60,Transitive FD-NoF,0.75,0.95,0.05,28
27,1179.4680851063813,0.19657801418439688,2.562931999464735,0.1246009367932697,134045.81173907017,6000.0,0.6003184713375797,60,Transitive FD-NoF,0.75,0.95,0.05,28
28,1782.2848419226425,0.29704747365377376,2.659955372052752,0.1238895605790811,134045.81173907017,6000.0,0.6824364281490243,60,Transitive FD-NoF,0.75,0.95,0.05,28
29,1911.5604062837483,0.3185934010472914,2.7154215311715686,0.11271455987975597,134045.81173907017,6000.0,2.246775288526816,60,Transitive FD-NoF,0.75,0.95,0.05,28
30,1043.0874729951806,0.17384791216586343,2.764999137145964,0.11218249879244876,134045.81173907017,6000.0,0.41987577639751555,60,Transitive FD-NoF,0.75,0.95,0.05,28
31,2292.801587301579,0.38213359788359647,2.8645797525826415,0.1104397207972603,134045.81173907017,6000.0,1.0800481492627143,60,Transitive FD-NoF,0.75,0.95,0.05,28
32,2023.1920348241463,0.337198672470691,2.9080286899511822,0.1412626057986519,134045.81173907017,6000.0,0.9799932180400136,60,Transitive FD-NoF,0.75,0.95,0.05,28
33,2150.343320051121,0.3583905533418535,2.9471745479148113,0.1382620626266591,134045.81173907017,6000.0,1.0368281353682813,60,Transitive FD-NoF,0.75,0.95,0.05,28
34,1213.6808761350267,0.20228014602250444,2.990752335017609,0.17163383430290263,134045.81173907017,6000.0,0.41792970009674296,60,Transitive FD-NoF,0.75,0.95,0.05,28
35,926.5586101254144,0.1544264350209024,3.0126338181210874,0.1715650467420199,134045.81173907017,6000.0,0.3455617425483131,60,Transitive FD-NoF,0.75,0.95,0.05,28
36,1484.2627578323109,0.24737712630538514,3.0324646293580892,0.15836039172038666,134045.81173907017,6000.0,4.1374627360053,60,Transitive FD-NoF,0.75,0.95,0.05,28
37,711.1581632653063,0.11852636054421771,3.053499506710607,0.1910024383154714,134045.81173907017,6000.0,0.486905916585839,60,Transitive FD-NoF,0.75,0.95,0.05,28
38,1402.5356079568464,0.23375593465947442,3.0629400215355727,0.21896936611708584,134045.81173907017,6000.0,1.2808290155440414,60,Transitive FD-NoF,0.75,0.95,0.05,28
39,1214.1458683171745,0.20235764471952908,3.0743167085910725,0.2176203632844089,134045.81173907017,6000.0,0.766016713091922,60,Transitive FD-NoF,0.75,0.95,0.05,28
40,1012.0418055550687,0.1686736342591781,3.08072527459682,0.2176391218130327,134045.81173907017,6000.0,0.43842530282637954,60,Transitive FD-NoF,0.75,0.95,0.05,28
41,721.9999999999858,0.12033333333333096,3.062727351246837,0.21784009234100457,134045.81173907017,6000.0,0.2378129117259552,60,Transitive FD-NoF,0.75,0.95,0.05,28
42,715.1791044776044,0.11919651741293406,3.0735784111974636,0.2176402886415983,134045.81173907017,6000.0,0.3114311431143114,60,Transitive FD-NoF,0.75,0.95,0.05,28
43,1235.8230718932978,0.2059705119822163,3.0693842048737827,0.21582333552117597,134045.81173907017,6000.0,0.7978690065810091,60,Transitive FD-NoF,0.75,0.95,0.05,28
44,748.9380049664053,0.12482300082773422,3.0732957328915305,0.21587838138315077,134045.81173907017,6000.0,0.31109022556390975,60,Transitive FD-NoF,0.75,0.95,0.05,28
45,889.951338872949,0.1483252231454915,3.074527668158446,0.21477294440805259,134045.81173907017,6000.0,0.9247416020671835,60,Transitive FD-NoF,0.75,0.95,0.05,28
46,1017.0492753497483,0.16950821255829138,3.0899089640664767,0.2459215921322529,134045.81173907017,6000.0,1.044151565074135,60,Transitive FD-NoF,0.75,0.95,0.05,28
47,730.8010752688174,0.12180017921146956,3.1199046723602266,0.24622281900446918,134045.81173907017,6000.0,0.23696534498907273,60,Transitive FD-NoF,0.75,0.95,0.05,28
48,912.7883123554135,0.15213138539256893,3.130263328819564,0.24444896072895883,134045.81173907017,6000.0,0.5421268538971284,60,Transitive FD-NoF,0.75,0.95,0.05,28
49,635.6402990348184,0.10594004983913641,3.1363632670769794,0.27784706718533697,134045.81173907017,6000.0,0.22183871979918418,60,Transitive FD-NoF,0.75,0.95,0.05,28
50,893.4558823529445,0.14890931372549074,3.121478384195891,0.27786916679599394,134045.81173907017,6000.0,0.30227552275522757,60,Transitive FD-NoF,0.75,0.95,0.05,28
51,937.1541458982953,0.15619235764971587,3.1021947037518043,0.31045893785423834,134045.81173907017,6000.0,0.6448321263989467,60,Transitive FD-NoF,0.75,0.95,0.05,28
52,497.00000000000136,0.08283333333333356,3.0732845432540206,0.3436979920027909,134045.81173907017,6000.0,0.29964221824686943,60,Transitive FD-NoF,0.75,0.95,0.05,28
53,408.0000000000009,0.06800000000000016,3.068692660747038,0.34369467431263384,134045.81173907017,6000.0,0.20366277233975372,60,Transitive FD-NoF,0.75,0.95,0.05,28
54,653.3425698148112,0.10889042830246853,3.0927005092040596,0.37634818978014256,134045.81173907017,6000.0,0.43811576354679804,60,Transitive FD-NoF,0.75,0.95,0.05,28
55,844.6659211304225,0.14077765352173707,3.0968109341553225,0.36864466743520236,134045.81173907017,6000.0,1.8975105075978014,60,Transitive FD-NoF,0.75,0.95,0.05,28
56,665.6602227900479,0.11094337046500798,3.09951692944348,0.36684877621244,134045.81173907017,6000.0,0.7866831072749692,60,Transitive FD-NoF,0.75,0.95,0.05,28
57,484.40000000000055,0.08073333333333342,3.105759694246662,0.3668123052442234,134045.81173907017,6000.0,0.23341375150784077,60,Transitive FD-NoF,0.75,0.95,0.05,28
58,675.9551641339934,0.11265919402233224,3.107852561238072,0.36617798879933583,134045.81173907017,6000.0,0.48489616110761485,60,Transitive FD-NoF,0.75,0.95,0.05,28
59,710.335786588503,0.11838929776475049,3.1099593658589004,0.3651283217378479,134045.81173907017,6000.0,0.5650284185891007,60,Transitive FD-NoF,0.75,0.95,0.05,28
60,818.2222222222217,0.13637037037037028,3.1106410695169457,0.36042002364362996,134045.81173907017,6000.0,0.796849887495982,60,Transitive FD-NoF,0.75,0.95,0.05,28
61,805.9513429664769,0.13432522382774614,3.1210505532698876,0.35933717480797994,134045.81173907017,6000.0,0.523841059602649,60,Transitive FD-NoF,0.75,0.95,0.05,28
62,387.85006075739693,0.06464167679289949,3.096875698092026,0.35926609678935933,134045.81173907017,6000.0,0.29244031830238726,60,Transitive FD-NoF,0.75,0.95,0.05,28
63,550.9853177925149,0.0918308862987525,3.0994364314603398,0.3559300106646692,134045.81173907017,6000.0,1.25,60,Transitive FD-NoF,0.75,0.95,0.05,28
64,552.862235509122,0.092143705918187,3.1069035173396204,0.3558335950559913,134045.81173907017,6000.0,0.2773578705225107,60,Transitive FD-NoF,0.75,0.95,0.05,28
65,482.19487179487624,0.0803658119658127,3.1137979070307815,0.355561688602562,134045.81173907017,6000.0,0.4098155673648015,60,Transitive FD-NoF,0.75,0.95,0.05,28
66,699.5105732444106,0.1165850955407351,3.1166976793838854,0.3547191209901348,134045.81173907017,6000.0,0.4740528494110156,60,Transitive FD-NoF,0.75,0.95,0.05,28
67,553.8312502268192,0.09230520837113652,3.118712159655728,0.3877607132392145,134045.81173907017,6000.0,0.5444408002623811,60,Transitive FD-NoF,0.75,0.95,0.05,28
68,467.0000000000035,0.07783333333333392,3.1263633096821133,0.38783987619111143,134045.81173907017,6000.0,0.21348314606741572,60,Transitive FD-NoF,0.75,0.95,0.05,28
69,505.99999999999807,0.08433333333333301,3.1430466214620916,0.3878787784270895,134045.81173907017,6000.0,0.31047992164544563,60,Transitive FD-NoF,0.75,0.95,0.05,28
70,485.4148831172713,0.08090248051954521,3.146180366348682,0.3878420847495649,134045.81173907017,6000.0,0.3082010582010582,60,Transitive FD-NoF,0.75,0.95,0.05,28
71,430.70045121638884,0.07178340853606481,3.1481595144565286,0.3873758662878389,134045.81173907017,6000.0,0.5844290657439446,60,Transitive FD-NoF,0.75,0.95,0.05,28
72,545.293478260868,0.09088224637681133,3.1496727030423135,0.3860370111655574,134045.81173907017,6000.0,0.7729709035222052,60,Transitive FD-NoF,0.75,0.95,0.05,28
73,559.5892703016441,0.09326487838360735,3.1380428614426017,0.38568550626686005,134045.81173907017,6000.0,0.711340206185567,60,Transitive FD-NoF,0.75,0.95,0.05,28
74,601.5271686234587,0.10025452810390978,3.139601211707878,0.3846697636819607,134045.81173907017,6000.0,0.7721518987341772,60,Transitive FD-NoF,0.75,0.95,0.05,28
75,477.97368039734204,0.07966228006622367,3.1397165565693705,0.3826969943814846,134045.81173907017,6000.0,0.8430879712746858,60,Transitive FD-NoF,0.75,0.95,0.05,28
76,534.5257303929267,0.08908762173215444,3.142759413429689,0.41495457376494843,134045.81173907017,6000.0,0.6557264957264958,60,Transitive FD-NoF,0.75,0.95,0.05,28
77,449.6324202380606,0.07493873670634343,3.148228270730158,0.41435826609470033,134045.81173907017,6000.0,0.6387434554973822,60,Transitive FD-NoF,0.75,0.95,0.05,28
78,586.1937057252348,0.0976989509542058,3.1451980076389394,0.4082054404590968,134045.81173907017,6000.0,1.8998988877654197,60,Transitive FD-NoF,0.75,0.95,0.05,28
79,610.9552781611605,0.10182587969352676,3.131103754788353,0.4303751851428788,134045.81173907017,6000.0,4.449290780141844,60,Transitive FD-NoF,0.75,0.95,0.05,28
80,562.2142857142858,0.09370238095238097,3.1188046341571134,0.42890079893304656,134045.81173907017,6000.0,0.676056338028169,60,Transitive FD-NoF,0.75,0.95,0.05,28
81,412.5276312835149,0.06875460521391914,3.114101254667808,0.42770587045678704,134045.81173907017,6000.0,0.6454330974047859,60,Transitive FD-NoF,0.75,0.95,0.05,28
82,414.0537603314151,0.06900896005523585,3.106134334114051,0.42472670694127396,134045.81173907017,6000.0,4.715376605345366,60,Transitive FD-NoF,0.75,0.95,0.05,28
83,574.2592592592594,0.09570987654320989,3.1070468933501347,0.4569480649895913,134045.81173907017,6000.0,0.6326605504587156,60,Transitive FD-NoF,0.75,0.95,0.05,28
84,553.5156562364182,0.09225260937273637,3.1127414471090664,0.45635592285430376,134045.81173907017,6000.0,0.7007746933505488,60,Transitive FD-NoF,0.75,0.95,0.05,28
85,534.911937377693,0.08915198956294883,3.117945252467557,0.455695352090262,134045.81173907017,6000.0,0.6337308347529813,60,Transitive FD-NoF,0.75,0.95,0.05,28
86,356.99851651427525,0.05949975275237921,3.120176171161802,0.45450957734428266,134045.81173907017,6000.0,0.6346675712347354,60,Transitive FD-NoF,0.75,0.95,0.05,28
87,391.04649955563696,0.06517441659260616,3.1209158001972233,0.4544839565935633,134045.81173907017,6000.0,0.32576010691613766,60,Transitive FD-NoF,0.75,0.95,0.05,28
88,243.2851086776168,0.04054751811293613,3.123227198940867,0.4545599382570104,134045.81173907017,6000.0,0.16539050535987748,60,Transitive FD-NoF,0.75,0.95,0.05,28
89,434.0,0.07233333333333333,3.1296245304694845,0.4544798217907269,134045.81173907017,6000.0,0.3905450165612767,60,Transitive FD-NoF,0.75,0.95,0.05,28
90,264.4605263157905,0.04407675438596508,3.132958406164583,0.45425899508965756,134045.81173907017,6000.0,0.4485027969726884,60,Transitive FD-NoF,0.75,0.95,0.05,28
91,688.784861626666,0.11479747693777767,3.134401453658692,0.4865903202617376,134045.81173907017,6000.0,1.4591558883594282,60,Transitive FD-NoF,0.75,0.95,0.05,28
92,741.692306952903,0.1236153844921505,3.144876493767968,0.48530673382023576,134045.81173907017,6000.0,0.6372322899505766,60,Transitive FD-NoF,0.75,0.95,0.05,28
93,792.5830416524527,0.13209717360874212,3.13349626928198,0.4831498469205883,134045.81173907017,6000.0,1.0023474178403755,60,Transitive FD-NoF,0.75,0.95,0.05,28
94,896.2892793270514,0.14938154655450858,3.1410457975856283,0.48312255854744035,134045.81173907017,6000.0,0.8882925192888292,60,Transitive FD-NoF,0.75,0.95,0.05,28
95,710.7313432835783,0.11845522388059639,3.1417513620740447,0.47789723082228097,134045.81173907017,6000.0,2.7840029487652047,60,Transitive FD-NoF,0.75,0.95,0.05,28
96,693.9999999999993,0.11566666666666656,3.1474617768985786,0.47690391151617045,134045.81173907017,6000.0,1.0633925461511669,60,Transitive FD-NoF,0.75,0.95,0.05,28
97,809.0,0.13483333333333333,3.1480074320282228,0.5080540303764212,134045.81173907017,6000.0,1.3784206411258797,60,Transitive FD-NoF,0.75,0.95,0.05,28
98,497.6887396171858,0.08294812326953097,3.1486233658659253,0.5068720687698027,134045.81173907017,6000.0,1.1174953959484346,60,Transitive FD-NoF,0.75,0.95,0.05,28
99,572.937595527686,0.09548959925461432,3.1478000324618853,0.5066304577312593,134045.81173907017,6000.0,0.7178408692604277,60,Transitive FD-NoF,0.75,0.95,0.05,28
100,507.8495054638979,0.08464158424398298,3.151592095211077,0.5054463838684939,134045.81173907017,6000.0,1.310843373493976,60,Transitive FD-NoF,0.75,0.95,0.05,28
101,1033.807565755858,0.17230126095930964,3.155045661108976,0.5265252401317931,134045.81173907017,6000.0,2.1609576427255983,60,Transitive FD-NoF,0.75,0.95,0.05,28
102,825.6014455217064,0.1376002409202844,3.1616357636031096,0.5265948648606286,134045.81173907017,6000.0,0.6948853615520282,60,Transitive FD-NoF,0.75,0.95,0.05,28
103,911.1145546793825,0.15185242577989708,3.165816560334749,0.5270936528711335,134045.81173907017,6000.0,0.9693693693693693,60,Transitive FD-NoF,0.75,0.95,0.05,28
104,578.8015013927445,0.09646691689879075,3.1730744790570347,0.5259363703798373,134045.81173907017,6000.0,0.787920860812218,60,Transitive FD-NoF,0.75,0.95,0.05,28
105,639.0498065519972,0.10650830109199953,3.161653591954633,0.5257113519750781,134045.81173907017,6000.0,0.44521739130434784,60,Transitive FD-NoF,0.75,0.95,0.05,28
106,477.0245276638715,0.07950408794397858,3.1691274427921985,0.525385077808319,134045.81173907017,6000.0,0.7080013855213024,60,Transitive FD-NoF,0.75,0.95,0.05,28
107,660.0,0.11,3.1796929668936986,0.5257232082365828,134045.81173907017,6000.0,0.5,60,Transitive FD-NoF,0.75,0.95,0.05,28
108,689.6648944805202,0.1149441490800867,3.1916372574341025,0.525798384395073,134045.81173907017,6000.0,0.7330508474576272,60,Transitive FD-NoF,0.75,0.95,0.05,28
109,588.082893395341,0.09801381556589016,3.200183991922142,0.524444037783533,134045.81173907017,6000.0,0.7728541521284019,60,Transitive FD-NoF,0.75,0.95,0.05,28
110,551.71701738439,0.09195283623073167,3.2022313023384803,0.5242002954149603,134045.81173907017,6000.0,0.722824302134647,60,Transitive FD-NoF,0.75,0.95,0.05,28
111,817.8334682240455,0.13630557803734092,3.2063428188384404,0.5242428122165012,134045.81173907017,6000.0,0.6456618112729575,60,Transitive FD-NoF,0.75,0.95,0.05,28
112,710.5893719806743,0.11843156199677905,3.206966338128838,0.5231006756916973,134045.81173907017,6000.0,0.7519224339685724,60,Transitive FD-NoF,0.75,0.95,0.05,28
113,545.1465201465231,0.09085775335775385,3.2069391241668774,0.522758946817644,134045.81173907017,6000.0,0.7028043775649795,60,Transitive FD-NoF,0.75,0.95,0.05,28
114,745.0452166161137,0.12417420276935229,3.205956065778528,0.5220418901496486,134045.81173907017,6000.0,0.7594690838459048,60,Transitive FD-NoF,0.75,0.95,0.05,28
115,600.4361311126229,0.10007268851877048,3.2088825965382726,0.5217949916464619,134045.81173907017,6000.0,0.9151880766501065,60,Transitive FD-NoF,0.75,0.95,0.05,28
116,477.24053702801234,0.07954008950466872,3.212558738486714,0.5208847921588464,134045.81173907017,6000.0,1.3138878434324426,60,Transitive FD-NoF,0.75,0.95,0.05,28
117,341.26549786190594,0.05687758297698432,3.216587219978261,0.5207967725376531,134045.81173907017,6000.0,0.32230023403543967,60,Transitive FD-NoF,0.75,0.95,0.05,28
118,1202.430939226519,0.20040515653775318,3.218860361529061,0.5200302123682362,134045.81173907017,6000.0,1.0668029993183368,60,Transitive FD-NoF,0.75,0.95,0.05,28
119,1198.7735203120983,0.19979558671868305,3.223312842861054,0.5202772043178335,134045.81173907017,6000.0,2.5781913157035588,60,Transitive FD-NoF,0.75,0.95,0.05,28
120,654.6703389058071,0.10911172315096784,3.213495893667624,0.5204436946651129,134045.81173907017,6000.0,0.7892576120424222,60,Transitive FD-NoF,0.75,0.95,0.05,28
121,627.2289446673815,0.10453815744456359,3.2150308966474554,0.5199007544634502,134045.81173907017,6000.0,0.9920754716981132,60,Transitive FD-NoF,0.75,0.95,0.05,28
122,522.7569097043156,0.08712615161738593,3.2175466215047104,0.5190341325636928,134045.81173907017,6000.0,1.3099435825105783,60,Transitive FD-NoF,0.75,0.95,0.05,28
123,477.05579034834227,0.07950929839139038,3.2270144630314324,0.5191289214135201,134045.81173907017,6000.0,0.44150034411562283,60,Transitive FD-NoF,0.75,0.95,0.05,28
124,480.1090909090908,0.08001818181818181,3.2376692327004246,0.5191044434332867,134045.81173907017,6000.0,0.6829613885936946,60,Transitive FD-NoF,0.75,0.95,0.05,28
125,679.7177620770733,0.11328629367951222,3.249588555933259,0.5181308811464372,134045.81173907017,6000.0,1.4178224687933425,60,Transitive FD-NoF,0.75,0.95,0.05,28
126,738.9263831219844,0.12315439718699739,3.2516168036333353,0.5161084978025461,134045.81173907017,6000.0,1.7359437751004017,60,Transitive FD-NoF,0.75,0.95,0.05,28
127,532.4569217311903,0.08874282028853171,3.252711885434672,0.5151955794658507,134045.81173907017,6000.0,1.1271913465124954,60,Transitive FD-NoF,0.75,0.95,0.05,28
128,760.0429197728663,0.12667381996214438,3.2570198627734825,0.5095980337723405,134045.81173907017,6000.0,5.053004726536124,60,Transitive FD-NoF,0.75,0.95,0.05,28
129,692.4283344792475,0.11540472241320791,3.261745073174707,0.5084224385547259,134045.81173907017,6000.0,3.063671736823488,60,Transitive FD-NoF,0.75,0.95,0.05,28
130,920.0,0.15333333333333332,3.2632035429193076,0.5072431643883334,134045.81173907017,6000.0,1.6703869047619047,60,Transitive FD-NoF,0.75,0.95,0.05,28
131,760.9999999999977,0.12683333333333296,3.2703659587353924,0.5077706879097711,134045.81173907017,6000.0,0.33885135135135136,60,Transitive FD-NoF,0.75,0.95,0.05,28
132,628.7045454545456,0.10478409090909094,3.250695201629993,0.5077868773780053,134045.81173907017,6000.0,0.3136463683052091,60,Transitive FD-NoF,0.75,0.95,0.05,28
133,593.3696505371627,0.09889494175619377,3.2522923463100586,0.5072476417103473,134045.81173907017,6000.0,0.6114887831407206,60,Transitive FD-NoF,0.75,0.95,0.05,28
134,505.0000000000009,0.08416666666666682,3.243666348708126,0.5060165476642283,134045.81173907017,6000.0,1.3342618384401115,60,Transitive FD-NoF,0.75,0.95,0.05,28
135,598.7173742672558,0.09978622904454262,3.2158289171782157,0.5061847959394401,134045.81173907017,6000.0,0.3291710024280264,60,Transitive FD-NoF,0.75,0.95,0.05,28
136,435.7208627187506,0.07262014378645844,3.2257520751382818,0.5063043761124131,134045.81173907017,6000.0,0.3256601218686527,60,Transitive FD-NoF,0.75,0.95,0.05,28
137,449.8767211030763,0.07497945351717938,3.2380097019119503,0.5062037647565936,134045.81173907017,6000.0,0.3914441942746864,60,Transitive FD-NoF,0.75,0.95,0.05,28
138,459.88530203453774,0.07664755033908963,3.244396438985854,0.5057461321484086,134045.81173907017,6000.0,0.8246797033041133,60,Transitive FD-NoF,0.75,0.95,0.05,28
139,785.1584579500345,0.1308597429916724,3.248746140564821,0.5055395270399987,134045.81173907017,6000.0,0.5688495575221238,60,Transitive FD-NoF,0.75,0.95,0.05,28
140,1084.9252809017162,0.18082088015028602,3.240695184041098,0.5055431710216758,134045.81173907017,6000.0,0.7210216110019646,60,Transitive FD-NoF,0.75,0.95,0.05,28
141,504.0274544256531,0.08400457573760885,3.249216038378244,0.5055688032588933,134045.81173907017,6000.0,0.5452667814113598,60,Transitive FD-NoF,0.75,0.95,0.05,28
142,864.6774847870179,0.14411291413116964,3.2527784874431815,0.5054377792465853,134045.81173907017,6000.0,0.5395125553914328,60,Transitive FD-NoF,0.75,0.95,0.05,28
143,740.813296305143,0.12346888271752383,3.257302679664343,0.5053444297276009,134045.81173907017,6000.0,0.6650700073691967,60,Transitive FD-NoF,0.75,0.95,0.05,28
144,752.1267306437471,0.12535445510729118,3.2599149175696653,0.5047695500206096,134045.81173907017,6000.0,1.4633642930856554,60,Transitive FD-NoF,0.75,0.95,0.05,28
145,597.2884702623276,0.0995480783770546,3.252367738123421,0.5047384955951439,134045.81173907017,6000.0,0.37558528428093646,60,Transitive FD-NoF,0.75,0.95,0.05,28
146,418.6395014440068,0.0697732502406678,3.2606079350293076,0.5048026025367148,134045.81173907017,6000.0,0.41712328767123286,60,Transitive FD-NoF,0.75,0.95,0.05,28
147,659.3703937546504,0.10989506562577507,3.2525890635641237,0.5035492134645945,134045.81173907017,6000.0,4.288686131386862,60,Transitive FD-NoF,0.75,0.95,0.05,28
148,569.0870441529429,0.09484784069215715,3.256914044447962,0.5030095165751045,134045.81173907017,6000.0,0.8311418685121107,60,Transitive FD-NoF,0.75,0.95,0.05,28
149,667.9794845503463,0.1113299140917244,3.2608215915078023,0.5022115023546204,134045.81173907017,6000.0,2.9413691451031774,60,Transitive FD-NoF,0.75,0.95,0.05,28
150,569.5666404215926,0.09492777340359877,3.26076810434946,0.5014310311520567,134045.81173907017,6000.0,3.7905405405405403,60,Transitive FD-NoF,0.75,0.95,0.05,28
151,584.9999999999995,0.09749999999999992,3.2614323346362766,0.5014752868301898,134045.81173907017,6000.0,0.5925925925925926,60,Transitive FD-NoF,0.75,0.95,0.05,28
152,644.983695652174,0.10749728260869566,3.254387171262755,0.5008282180892384,134045.81173907017,6000.0,3.630636833046472,60,Transitive FD-NoF,0.75,0.95,0.05,28
153,785.1025542055917,0.13085042570093194,3.2572040228064796,0.5002915454205359,134045.81173907017,6000.0,1.2122981793198213,60,Transitive FD-NoF,0.75,0.95,0.05,28
154,545.323757049468,0.090887292841578,3.2675350111070123,0.5003271773257144,134045.81173907017,6000.0,0.632946001367054,60,Transitive FD-NoF,0.75,0.95,0.05,28
155,561.3068783068757,0.09355114638447928,3.270155449253754,0.4995945709690262,134045.81173907017,6000.0,1.3744573082489147,60,Transitive FD-NoF,0.75,0.95,0.05,28
156,565.2105165377986,0.09420175275629977,3.267527946591534,0.4993169780967961,134045.81173907017,6000.0,0.6521884396926161,60,Transitive FD-NoF,0.75,0.95,0.05,28
157,795.9333030852983,0.1326555505142164,3.2624402784005766,0.49860338470157406,134045.81173907017,6000.0,1.4444053483462351,60,Transitive FD-NoF,0.75,0.95,0.05,28
158,675.9448312960326,0.1126574718826721,3.2663304167763374,0.4986433193484597,134045.81173907017,6000.0,0.5290951900437268,60,Transitive FD-NoF,0.75,0.95,0.05,28
159,674.8889386088856,0.1124814897681476,3.268397963739809,0.49773714282263304,134045.81173907017,6000.0,1.5474726775956285,60,Transitive FD-NoF,0.75,0.95,0.05,28
160,619.9999999999995,0.10333333333333326,3.2777783841183754,0.4979586463974391,134045.81173907017,6000.0,0.4704310056799198,60,Transitive FD-NoF,0.75,0.95,0.05,28
161,830.6033441157319,0.13843389068595532,3.2796136629140222,0.4974140094200847,134045.81173907017,6000.0,2.470567249375669,60,Transitive FD-NoF,0.75,0.95,0.05,28
162,648.7347701335352,0.10812246168892253,3.286564556411755,0.49729957216352966,134045.81173907017,6000.0,0.5870473537604457,60,Transitive FD-NoF,0.75,0.95,0.05,28
163,472.7977325513963,0.07879962209189938,3.292068270121026,0.4972799909320625,134045.81173907017,6000.0,0.7502912621359223,60,Transitive FD-NoF,0.75,0.95,0.05,28
164,591.8294802933704,0.09863824671556172,3.295982949674527,0.4972613908545028,134045.81173907017,6000.0,0.8128380815001803,60,Transitive FD-NoF,0.75,0.95,0.05,28
165,713.8471310820032,0.11897452184700054,3.3050440271185675,0.4974193772352345,134045.81173907017,6000.0,0.6497819523649782,60,Transitive FD-NoF,0.75,0.95,0.05,28
166,687.2954968652657,0.11454924947754429,3.318114221266551,0.49761380773639574,134045.81173907017,6000.0,0.8144718792866941,60,Transitive FD-NoF,0.75,0.95,0.05,28
167,763.9601693820892,0.12732669489701487,3.3234037144936623,0.497372942049304,134045.81173907017,6000.0,2.258371634931057,60,Transitive FD-NoF,0.75,0.95,0.05,28
168,692.346593428007,0.11539109890466784,3.323844538883149,0.49591487157124253,134045.81173907017,6000.0,1.274898934215362,60,Transitive FD-NoF,0.75,0.95,0.05,28
169,580.6483763572801,0.09677472939288001,3.340248535557595,0.4961194287549795,134045.81173907017,6000.0,0.48834919593042336,60,Transitive FD-NoF,0.75,0.95,0.05,28
170,1050.6679752756431,0.1751113292126072,3.341067063227274,0.4925811845478833,134045.81173907017,6000.0,1.881511746680286,60,Transitive FD-NoF,0.75,0.95,0.05,28
171,588.4763503849085,0.09807939173081809,3.3495095010550133,0.4928141358525348,134045.81173907017,6000.0,0.4541284403669725,60,Transitive FD-NoF,0.75,0.95,0.05,28
172,651.1837810067336,0.10853063016778894,3.356226282281619,0.4931266145668395,134045.81173907017,6000.0,0.4896251673360107,60,Transitive FD-NoF,0.75,0.95,0.05,28
173,448.3949290078274,0.07473248816797123,3.3618293834649204,0.49320567412010546,134045.81173907017,6000.0,0.6118881118881119,60,Transitive FD-NoF,0.75,0.95,0.05,28
174,867.202923946099,0.14453382065768317,3.364626734326079,0.49284495698740877,134045.81173907017,6000.0,1.0020625644551393,60,Transitive FD-NoF,0.75,0.95,0.05,28
175,802.5254238579732,0.1337542373096622,3.3669418495543195,0.49242114875504495,134045.81173907017,6000.0,1.2380154207173986,60,Transitive FD-NoF,0.75,0.95,0.05,28
176,800.0000000000007,0.13333333333333344,3.367840286210817,0.49190165103609884,134045.81173907017,6000.0,0.6117143797301744,60,Transitive FD-NoF,0.75,0.95,0.05,28
177,578.4347298651171,0.09640578831085285,3.3806035748288106,0.4920999848375781,134045.81173907017,6000.0,0.6058686228742914,60,Transitive FD-NoF,0.75,0.95,0.05,28
178,625.6501983492378,0.1042750330582063,3.384290354657449,0.4914080823704045,134045.81173907017,6000.0,1.8981542518127883,60,Transitive FD-NoF,0.75,0.95,0.05,28
179,667.5752625950977,0.11126254376584961,3.3862593120895648,0.49124179708924837,134045.81173907017,6000.0,0.6878342245989305,60,Transitive FD-NoF,0.75,0.95,0.05,28
180,505.56596931179047,0.08426099488529841,3.3971478780195534,0.4914358045494968,134045.81173907017,6000.0,0.47613219094247244,60,Transitive FD-NoF,0.75,0.95,0.05,28
181,608.998307916152,0.10149971798602533,3.401699214584494,0.4911896304696714,134045.81173907017,6000.0,0.8519973804846104,60,Transitive FD-NoF,0.75,0.95,0.05,28
182,738.3933608571251,0.12306556014285419,3.4111588471135534,0.49129500152937816,134045.81173907017,6000.0,0.6070075757575758,60,Transitive FD-NoF,0.75,0.95,0.05,28
183,422.8339486437592,0.07047232477395986,3.416721843239756,0.4911814430918451,134045.81173907017,6000.0,0.8496291301416049,60,Transitive FD-NoF,0.75,0.95,0.05,28
184,421.99999999999,0.07033333333333167,3.418791094812824,0.49062349205383776,134045.81173907017,6000.0,0.9045984900480439,60,Transitive FD-NoF,0.75,0.95,0.05,28
185,293.9999999999982,0.0489999999999997,3.4218349115846327,0.49010974345716624,134045.81173907017,6000.0,0.4683288409703504,60,Transitive FD-NoF,0.75,0.95,0.05,28
186,581.2698706845285,0.09687831178075476,3.4270561065300975,0.4901470345132015,134045.81173907017,6000.0,0.5268324607329843,60,Transitive FD-NoF,0.75,0.95,0.05,28
187,616.8404769851159,0.10280674616418597,3.4290340479013692,0.4898774737915843,134045.81173907017,6000.0,0.6707193515704154,60,Transitive FD-NoF,0.75,0.95,0.05,28
188,853.3991572844579,0.142233192880743,3.429107036492373,0.4853407997297273,134045.81173907017,6000.0,2.538588390501319,60,Transitive FD-NoF,0.75,0.95,0.05,28
189,580.0,0.09666666666666666,3.4287224311456654,0.4849010606191028,134045.81173907017,6000.0,0.6545209176788124,60,Transitive FD-NoF,0.75,0.95,0.05,28
190,502.56480858106806,0.08376080143017801,3.4301351924099803,0.4847389606011593,134045.81173907017,6000.0,1.3589574397888486,60,Transitive FD-NoF,0.75,0.95,0.05,28
191,366.1869136157766,0.0610311522692961,3.435252045133573,0.4847972965528085,134045.81173907017,6000.0,0.5524179315213554,60,Transitive FD-NoF,0.75,0.95,0.05,28
192,378.4656739373604,0.0630776123228934,3.4377680525238157,0.4846796716606938,134045.81173907017,6000.0,0.6854460093896714,60,Transitive FD-NoF,0.75,0.95,0.05,28
193,528.2226698813984,0.08803711164689973,3.4427279688925307,0.5179036143408774,134045.81173907017,6000.0,0.4497160040093552,60,Transitive FD-NoF,0.75,0.95,0.05,28
194,478.9558897243105,0.07982598162071841,3.4456135122650764,0.5178556279511948,134045.81173907017,6000.0,0.3997908678982224,60,Transitive FD-NoF,0.75,0.95,0.05,28
195,638.0047988759436,0.1063341331459906,3.4509646167646317,0.5179544358521441,134045.81173907017,6000.0,0.4011916583912612,60,Transitive FD-NoF,0.75,0.95,0.05,28
196,630.7021434764883,0.10511702391274806,3.4532412718797536,0.5176855917945355,134045.81173907017,6000.0,0.998547039593171,60,Transitive FD-NoF,0.75,0.95,0.05,28
197,470.39378882167694,0.07839896480361282,3.454042240954226,0.5175680432059033,134045.81173907017,6000.0,0.5545909849749583,60,Transitive FD-NoF,0.75,0.95,0.05,28
198,529.0119298245552,0.0881686549707592,3.457720289973847,0.5175554592812097,134045.81173907017,6000.0,0.3391537944929483,60,Transitive FD-NoF,0.75,0.95,0.05,28
199,572.0,0.09533333333333334,3.4576256880252223,0.5164676906545644,134045.81173907017,6000.0,1.1250878425860857,60,Transitive FD-NoF,0.75,0.95,0.05,28
200,331.24028936375066,0.055206714893958446,3.460295591003086,0.5164725822886814,134045.81173907017,6000.0,0.3098976109215017,60,Transitive FD-NoF,0.75,0.95,0.05,28
201,289.7221498583481,0.04828702497639135,3.4612167788277666,0.5162122150881367,134045.81173907017,6000.0,0.387291444799432,60,Transitive FD-NoF,0.75,0.95,0.05,28
202,398.87998441192804,0.06647999740198801,3.461692110457489,0.5160583162026541,134045.81173907017,6000.0,0.3219227967953387,60,Transitive FD-NoF,0.75,0.95,0.05,28
203,494.81588789370176,0.0824693146489503,3.4630126456839014,0.5160498442838374,134045.81173907017,6000.0,0.42350936967632025,60,Transitive FD-NoF,0.75,0.95,0.05,28
204,478.267123287671,0.07971118721461183,3.463458112519418,0.5156205874812624,134045.81173907017,6000.0,1.7067357512953367,60,Transitive FD-NoF,0.75,0.95,0.05,28
205,509.11538461538476,0.08485256410256413,3.463224017656605,0.514913328245487,134045.81173907017,6000.0,0.6380301941049604,60,Transitive FD-NoF,0.75,0.95,0.05,28
206,427.5407757073699,0.07125679595122832,3.463603812739331,0.5146550707309128,134045.81173907017,6000.0,0.6133925268220496,60,Transitive FD-NoF,0.75,0.95,0.05,28
207,455.2607072657993,0.07587678454429989,3.4643064973363193,0.5140372640230132,134045.81173907017,6000.0,2.1808510638297873,60,Transitive FD-NoF,0.75,0.95,0.05,28
208,481.7655867030345,0.08029426445050575,3.466965042187685,0.5140746601505991,134045.81173907017,6000.0,0.2520188425302826,60,Transitive FD-NoF,0.75,0.95,0.05,28
209,283.12000269561213,0.04718666711593535,3.4716925317508207,0.5141642597833153,134045.81173907017,6000.0,0.13326848249027237,60,Transitive FD-NoF,0.75,0.95,0.05,28
210,373.63667505663125,0.06227277917610521,3.4739631022376214,0.5141637719495985,134045.81173907017,6000.0,0.339946200403497,60,Transitive FD-NoF,0.75,0.95,0.05,28
211,321.4474793613281,0.05357457989355468,3.4767916431267896,0.5141139161242065,134045.81173907017,6000.0,0.2649350649350649,60,Transitive FD-NoF,0.75,0.95,0.05,28
212,379.38461538461434,0.06323076923076906,3.483608735326698,0.5143080854883505,134045.81173907017,6000.0,0.2329783801226202,60,Transitive FD-NoF,0.75,0.95,0.05,28
213,616.9713375796182,0.1028285562632697,3.484280931015391,0.514322331003615,134045.81173907017,6000.0,0.6222069439669989,60,Transitive FD-NoF,0.75,0.95,0.05,28
214,367.9999999999991,0.061333333333333184,3.4845263230964383,0.5136511303153154,134045.81173907017,6000.0,4.216109313196692,60,Transitive FD-NoF,0.75,0.95,0.05,28
215,420.5822729540914,0.07009704549234858,3.4853248522164564,0.5129698719099733,134045.81173907017,6000.0,0.9478571428571428,60,Transitive FD-NoF,0.75,0.95,0.05,28
216,300.53559322033743,0.0500892655367229,3.4856866308119607,0.5127724065778667,134045.81173907017,6000.0,0.8521002470878927,60,Transitive FD-NoF,0.75,0.95,0.05,28
217,449.29136449075213,0.07488189408179202,3.4901546620221024,0.5126400762420594,134045.81173907017,6000.0,0.4488945850688882,60,Transitive FD-NoF,0.75,0.95,0.05,28
218,377.4977761304656,0.06291629602174427,3.4913972489276572,0.5117447521015095,134045.81173907017,6000.0,1.3927958833619212,60,Transitive FD-NoF,0.75,0.95,0.05,28
219,526.6361236802422,0.08777268728004037,3.4924838631528052,0.5109725090298693,134045.81173907017,6000.0,0.9172185430463576,60,Transitive FD-NoF,0.75,0.95,0.05,28
220,384.9373418217456,0.0641562236369576,3.49675525426597,0.5108449176226544,134045.81173907017,6000.0,0.5313105229180116,60,Transitive FD-NoF,0.75,0.95,0.05,28
221,429.1851968018427,0.07153086613364046,3.499443764929374,0.5106575649193708,134045.81173907017,6000.0,0.527981345769487,60,Transitive FD-NoF,0.75,0.95,0.05,28
222,486.8749999999991,0.08114583333333318,3.5010403731988657,0.5100687839970071,134045.81173907017,6000.0,4.399857193859336,60,Transitive FD-NoF,0.75,0.95,0.05,28
223,371.52851227663064,0.06192141871277177,3.504178087458966,0.5099041053332088,134045.81173907017,6000.0,0.6379370024229837,60,Transitive FD-NoF,0.75,0.95,0.05,28
224,459.23343596015366,0.07653890599335894,3.5074647282269686,0.5098634212877867,134045.81173907017,6000.0,0.6410940627084724,60,Transitive FD-NoF,0.75,0.95,0.05,28
225,460.83312290113736,0.07680552048352289,3.50941259750641,0.5097302358861786,134045.81173907017,6000.0,0.8571428571428571,60,Transitive FD-NoF,0.75,0.95,0.05,28
226,500.0,0.08333333333333333,3.5091354631809635,0.5079560019518821,134045.81173907017,6000.0,2.3891198891198893,60,Transitive FD-NoF,0.75,0.95,0.05,28
227,370.3778523803064,0.0617296420633844,3.513592624693398,0.5079343284116363,134045.81173907017,6000.0,0.9505512863347811,60,Transitive FD-NoF,0.75,0.95,0.05,28
228,567.999999999993,0.0946666666666655,3.5136517745726112,0.5077381971766453,134045.81173907017,6000.0,1.0393865458347857,60,Transitive FD-NoF,0.75,0.95,0.05,28
229,395.5042787213331,0.06591737978688884,3.5188558404442274,0.5077319404855299,134045.81173907017,6000.0,0.5629162285313705,60,Transitive FD-NoF,0.75,0.95,0.05,28
230,233.74324547414517,0.0389572075790242,3.5229867954491243,0.5077393312756553,134045.81173907017,6000.0,0.3892445582586428,60,Transitive FD-NoF,0.75,0.95,0.05,28
231,522.3614829636751,0.08706024716061253,3.5258192052320982,0.5074667716536106,134045.81173907017,6000.0,3.2226389362427548,60,Transitive FD-NoF,0.75,0.95,0.05,28
232,375.2047218388061,0.06253412030646768,3.530245047266078,0.5075340784130847,134045.81173907017,6000.0,0.29222434671765457,60,Transitive FD-NoF,0.75,0.95,0.05,28
233,415.47763196022584,0.06924627199337097,3.5352692622395248,0.5076621163906572,134045.81173907017,6000.0,0.24104549854791868,60,Transitive FD-NoF,0.75,0.95,0.05,28
234,691.0,0.11516666666666667,3.5343437710306773,0.5048136295821506,134045.81173907017,6000.0,1.636765205572545,60,Transitive FD-NoF,0.75,0.95,0.05,28
235,393.45417660838757,0.06557569610139793,3.534864600963357,0.5043213003990109,134045.81173907017,6000.0,1.0232719694338313,60,Transitive FD-NoF,0.75,0.95,0.05,28
236,386.41941685311303,0.0644032361421855,3.5417481863031863,0.5044140938633216,134045.81173907017,6000.0,0.4603648424543947,60,Transitive FD-NoF,0.75,0.95,0.05,28
237,484.16863107645895,0.08069477184607649,3.5431252521068037,0.5044224477421303,134045.81173907017,6000.0,0.6003989361702128,60,Transitive FD-NoF,0.75,0.95,0.05,28
238,834.5714285714284,0.13909523809523808,3.5425476977813473,0.5037599117768057,134045.81173907017,6000.0,0.6568758344459279,60,Transitive FD-NoF,0.75,0.95,0.05,28
239,732.7570992671922,0.1221261832111987,3.541861839076155,0.5035522300487558,134045.81173907017,6000.0,0.6062085803976281,60,Transitive FD-NoF,0.75,0.95,0.05,28
240,339.2682445487494,0.05654470742479157,3.5437557701680884,0.503581673433156,134045.81173907017,6000.0,0.35667963683527887,60,Transitive FD-NoF,0.75,0.95,0.05,28
241,882.0307377905465,0.14700512296509108,3.5428072755429296,0.5028207189556055,134045.81173907017,6000.0,1.5133569359510781,60,Transitive FD-NoF,0.75,0.95,0.05,28
242,535.5392945812823,0.08925654909688038,3.552066550033739,0.50306896271534,134045.81173907017,6000.0,0.39759036144578314,60,Transitive FD-NoF,0.75,0.95,0.05,28
243,650.1100819855196,0.10835168033091994,3.559271150619398,0.5033215236054629,134045.81173907017,6000.0,0.38567916410571607,60,Transitive FD-NoF,0.75,0.95,0.05,28
244,791.5966819622333,0.1319327803270389,3.5624712169603887,0.5034892592733137,134045.81173907017,6000.0,0.38575851393188854,60,Transitive FD-NoF,0.75,0.95,0.05,28
245,411.9578062945461,0.06865963438242435,3.563755824080389,0.5028548964365988,134045.81173907017,6000.0,1.1556906450523472,60,Transitive FD-NoF,0.75,0.95,0.05,28
246,588.7060354965356,0.09811767258275593,3.5671636116167362,0.5024011548027514,134045.81173907017,6000.0,1.1170036460059662,60,Transitive FD-NoF,0.75,0.95,0.05,28
247,467.13679220138374,0.07785613203356395,3.5721842667740757,0.5025358802015369,134045.81173907017,6000.0,0.5472067951649787,60,Transitive FD-NoF,0.75,0.95,0.05,28
248,861.6947924342858,0.14361579873904762,3.5741152240269964,0.5021288266327234,134045.81173907017,6000.0,3.763769077637691,60,Transitive FD-NoF,0.75,0.95,0.05,28
249,775.4670749283769,0.12924451248806282,3.5762902721793557,0.502216287139793,134045.81173907017,6000.0,0.6101351351351352,60,Transitive FD-NoF,0.75,0.95,0.05,28
250,477.24973679888444,0.07954162279981407,3.585881286406834,0.5023317235423487,134045.81173907017,6000.0,0.46153846153846156,60,Transitive FD-NoF,0.75,0.95,0.05,28
251,527.5536295412862,0.0879256049235477,3.587104495698991,0.5021344944374988,134045.81173907017,6000.0,0.8399153737658674,60,Transitive FD-NoF,0.75,0.95,0.05,28
252,447.8477311191118,0.07464128851985197,3.592796188717488,0.5022619203982117,134045.81173907017,6000.0,0.5871051774666233,60,Transitive FD-NoF,0.75,0.95,0.05,28
253,580.990734491736,0.096831789081956,3.5993254698069936,0.502346279501954,134045.81173907017,6000.0,0.6949206349206349,60,Transitive FD-NoF,0.75,0.95,0.05,28
254,393.30059212534366,0.06555009868755728,3.606675934222331,0.5023762946101982,134045.81173907017,6000.0,0.6480891719745223,60,Transitive FD-NoF,0.75,0.95,0.05,28
255,574.0408516324546,0.09567347527207577,3.6118824442226702,0.5024415742079266,134045.81173907017,6000.0,0.6866832607342875,60,Transitive FD-NoF,0.75,0.95,0.05,28
256,578.9017118461684,0.09648361864102806,3.619463095295594,0.5024661698353193,134045.81173907017,6000.0,0.757006264424662,60,Transitive FD-NoF,0.75,0.95,0.05,28
257,752.935012258838,0.12548916870980634,3.6168807631751663,0.5024556242810143,134045.81173907017,6000.0,0.7415767091920183,60,Transitive FD-NoF,0.75,0.95,0.05,28
258,798.6375194030788,0.13310625323384648,3.619138463466146,0.5023859664691993,134045.81173907017,6000.0,1.0974852530270103,60,Transitive FD-NoF,0.75,0.95,0.05,28
259,498.72962607822706,0.08312160434637117,3.62765342931847,0.5025356872470327,134045.81173907017,6000.0,0.4496274700356333,60,Transitive FD-NoF,0.75,0.95,0.05,28
260,352.59808570546534,0.058766347617577555,3.6377626982563784,0.5026379289166284,134045.81173907017,6000.0,0.6565307532826538,60,Transitive FD-NoF,0.75,0.95,0.05,28
261,357.74460539460597,0.059624100899100994,3.6462156661451277,0.5027297644786864,134045.81173907017,6000.0,0.44012738853503186,60,Transitive FD-NoF,0.75,0.95,0.05,28
262,306.2455860361997,0.05104093100603328,3.649430857493438,0.5026129794004224,134045.81173907017,6000.0,0.6927215189873418,60,Transitive FD-NoF,0.75,0.95,0.05,28
263,538.5378726030003,0.08975631210050006,3.652188624020104,0.5026984765059539,134045.81173907017,6000.0,0.44520795660036167,60,Transitive FD-NoF,0.75,0.95,0.05,28
264,297.3161094224929,0.04955268490374882,3.6541818358330795,0.5026938244070221,134045.81173907017,6000.0,0.3332175121612231,60,Transitive FD-NoF,0.75,0.95,0.05,28
265,625.2644573138632,0.10421074288564387,3.6538881935999012,0.5026137201085998,134045.81173907017,6000.0,1.0072655217965654,60,Transitive FD-NoF,0.75,0.95,0.05,28
266,722.9869931444518,0.12049783219074198,3.657128573302676,0.502625037141026,134045.81173907017,6000.0,0.6399739583333334,60,Transitive FD-NoF,0.75,0.95,0.05,28
267,306.0000000000009,0.05100000000000015,3.6624187381516076,0.5027432536138042,134045.81173907017,6000.0,0.2064935064935065,60,Transitive FD-NoF,0.75,0.95,0.05,28
268,552.2631504524879,0.09204385840874799,3.665345339036861,0.5027258882004284,134045.81173907017,6000.0,0.4931323283082077,60,Transitive FD-NoF,0.75,0.95,0.05,28
269,325.74591057797033,0.05429098509632839,3.669906046352288,0.5027374128200832,134045.81173907017,6000.0,0.24206617150573936,60,Transitive FD-NoF,0.75,0.95,0.05,28
270,437.28259327564183,0.07288043221260697,3.674776414629982,0.5027967768842099,134045.81173907017,6000.0,0.47134621905730756,60,Transitive FD-NoF,0.75,0.95,0.05,28
271,580.3902439024387,0.09673170731707312,3.675662378665702,0.5023047199930278,134045.81173907017,6000.0,4.881092291738679,60,Transitive FD-NoF,0.75,0.95,0.05,28
272,411.45147679324873,0.06857524613220813,3.676378906349595,0.5020704570923294,134045.81173907017,6000.0,0.8029573590096286,60,Transitive FD-NoF,0.75,0.95,0.05,28
273,542.6904761904766,0.09044841269841276,3.680769608007035,0.5020325063960256,134045.81173907017,6000.0,0.9412955465587044,60,Transitive FD-NoF,0.75,0.95,0.05,28
274,612.0760869565229,0.10201268115942048,3.6808698204302734,0.5017278586144018,134045.81173907017,6000.0,0.7535849056603774,60,Transitive FD-NoF,0.75,0.95,0.05,28
275,775.2172541029668,0.1292028756838278,3.6815629809876396,0.5014963796513224,134045.81173907017,6000.0,0.7560534875316227,60,Transitive FD-NoF,0.75,0.95,0.05,28
276,1189.0,0.19816666666666666,3.6816963002524252,0.5018901252592944,134045.81173907017,6000.0,0.5091463414634146,60,Transitive FD-NoF,0.75,0.95,0.05,28
277,98.0,0.01633333333333333,3.650203945125082,0.5019286550927411,134045.81173907017,6000.0,0.032692307692307694,60,Transitive FD-NoF,0.75,0.95,0.05,28
278,64.99999999999977,0.010833333333333296,3.583318588802009,0.5019532803811266,134045.81173907017,6000.0,0.01844532279314888,60,Transitive FD-NoF,0.75,0.95,0.05,28
279,48.0,0.008,3.579267952892917,0.5019702226166568,134045.81173907017,6000.0,0.012235534030079022,60,Transitive FD-NoF,0.75,0.95,0.05,28
280,29.99999999999997,0.004999999999999995,3.519562798923251,0.5019805418599979,134045.81173907017,6000.0,0.007494379215588309,60,Transitive FD-NoF,0.75,0.95,0.05,28
281,18.0,0.003,3.5085811341607704,0.5019868546447642,134045.81173907017,6000.0,0.004416094210009814,60,Transitive FD-NoF,0.75,0.95,0.05,28
282,7.0,0.0011666666666666668,3.4818426000831106,0.5019892694837128,134045.81173907017,6000.0,0.0016839066634592255,60,Transitive FD-NoF,0.75,0.95,0.05,28
283,1.0,1.6666666666666666E-4,3.481624739231009,0.5019896272810024,134045.81173907017,6000.0,2.3646252069047056E-4,60,Transitive FD-NoF,0.75,0.95,0.05,28
284,0.0,0.0,3.481624739231009,0.5019896272810024,134045.81173907017,6000.0,0.0,60,Transitive FD-NoF,0.75,0.95,0.05,28
285,0.0,0.0,3.481624739231009,0.5019896272810024,134045.81173907017,6000.0,0.0,60,Transitive FD-NoF,0.75,0.95,0.05,28
286,0.0,0.0,3.481624739231009,0.5019896272810024,134045.81173907017,6000.0,0.0,60,Transitive FD-NoF,0.75,0.95,0.05,28
287,0.0,0.0,3.481624739231009,0.5019896272810024,134045.81173907017,6000.0,0.0,60,Transitive FD-NoF,0.75,0.95,0.05,28
288,0.0,0.0,3.481624739231009,0.5019896272810024,134045.81173907017,6000.0,0.0,60,Transitive FD-NoF,0.75,0.95,0.05,28
289,0.0,0.0,3.481624739231009,0.5019896272810024,134045.81173907017,6000.0,0.0,60,Transitive FD-NoF,0.75,0.95,0.05,28
290,0.0,0.0,3.481624739231009,0.5019896272810024,134045.81173907017,6000.0,0.0,60,Transitive FD-NoF,0.75,0.95,0.05,28
291,0.0,0.0,3.481624739231009,0.5019896272810024,134045.81173907017,6000.0,0.0,60,Transitive FD-NoF,0.75,0.95,0.05,28
292,0.0,0.0,3.481624739231009,0.5019896272810024,134045.81173907017,6000.0,0.0,60,Transitive FD-NoF,0.75,0.95,0.05,28
293,0.0,0.0,3.481624739231009,0.5019896272810024,134045.81173907017,6000.0,0.0,60,Transitive FD-NoF,0.75,0.95,0.05,28
294,0.0,0.0,3.481624739231009,0.5019896272810024,134045.81173907017,6000.0,0.0,60,Transitive FD-NoF,0.75,0.95,0.05,28
295,0.0,0.0,3.481624739231009,0.5019896272810024,134045.81173907017,6000.0,0.0,60,Transitive FD-NoF,0.75,0.95,0.05,28
296,0.0,0.0,3.481624739231009,0.5019896272810024,134045.81173907017,6000.0,0.0,60,Transitive FD-NoF,0.75,0.95,0.05,28
297,0.0,0.0,3.481624739231009,0.5019896272810024,134045.81173907017,6000.0,0.0,60,Transitive FD-NoF,0.75,0.95,0.05,28
298,0.0,0.0,3.481624739231009,0.5019896272810024,134045.81173907017,6000.0,0.0,60,Transitive FD-NoF,0.75,0.95,0.05,28
299,0.0,0.0,3.481624739231009,0.5019896272810024,134045.81173907017,6000.0,0.0,60,Transitive FD-NoF,0.75,0.95,0.05,28
300,0.0,0.0,3.481624739231009,0.5019896272810024,134045.81173907017,6000.0,0.0,60,Transitive FD-NoF,0.75,0.95,0.05,28
301,0.0,0.0,3.481624739231009,0.5019896272810024,134045.81173907017,6000.0,0.0,60,Transitive FD-NoF,0.75,0.95,0.05,28
302,0.0,0.0,3.481624739231009,0.5019896272810024,134045.81173907017,6000.0,0.0,60,Transitive FD-NoF,0.75,0.95,0.05,28
303,0.0,0.0,3.481624739231009,0.5019896272810024,134045.81173907017,6000.0,0.0,60,Transitive FD-NoF,0.75,0.95,0.05,28
304,0.0,0.0,3.481624739231009,0.5019896272810024,134045.81173907017,6000.0,0.0,60,Transitive FD-NoF,0.75,0.95,0.05,28
305,0.0,0.0,3.481624739231009,0.5019896272810024,134045.81173907017,6000.0,0.0,60,Transitive FD-NoF,0.75,0.95,0.05,28
306,0.0,0.0,3.481624739231009,0.5019896272810024,134045.81173907017,6000.0,0.0,60,Transitive FD-NoF,0.75,0.95,0.05,28
307,0.0,0.0,3.481624739231009,0.5019896272810024,134045.81173907017,6000.0,0.0,60,Transitive FD-NoF,0.75,0.95,0.05,28
308,0.0,0.0,3.481624739231009,0.5019896272810024,134045.81173907017,6000.0,0.0,60,Transitive FD-NoF,0.75,0.95,0.05,28
309,0.0,0.0,3.481624739231009,0.5019896272810024,134045.81173907017,6000.0,0.0,60,Transitive FD-NoF,0.75,0.95,0.05,28
310,0.0,0.0,3.481624739231009,0.5019896272810024,134045.81173907017,6000.0,0.0,60,Transitive FD-NoF,0.75,0.95,0.05,28
311,0.0,0.0,3.481624739231009,0.5019896272810024,134045.81173907017,6000.0,0.0,60,Transitive FD-NoF,0.75,0.95,0.05,28
312,0.0,0.0,3.481624739231009,0.5019896272810024,134045.81173907017,6000.0,0.0,60,Transitive FD-NoF,0.75,0.95,0.05,28
313,0.0,0.0,3.481624739231009,0.5019896272810024,134045.81173907017,6000.0,0.0,60,Transitive FD-NoF,0.75,0.95,0.05,28
314,0.0,0.0,3.481624739231009,0.5019896272810024,134045.81173907017,6000.0,0.0,60,Transitive FD-NoF,0.75,0.95,0.05,28
315,0.0,0.0,3.481624739231009,0.5019896272810024,134045.81173907017,6000.0,0.0,60,Transitive FD-NoF,0.75,0.95,0.05,28
316,0.0,0.0,3.481624739231009,0.5019896272810024,134045.81173907017,6000.0,0.0,60,Transitive FD-NoF,0.75,0.95,0.05,28
317,0.0,0.0,3.481624739231009,0.5019896272810024,134045.81173907017,6000.0,0.0,60,Transitive FD-NoF,0.75,0.95,0.05,28
318,0.0,0.0,3.481624739231009,0.5019896272810024,134045.81173907017,6000.0,0.0,60,Transitive FD-NoF,0.75,0.95,0.05,28
319,0.0,0.0,3.481624739231009,0.5019896272810024,134045.81173907017,6000.0,0.0,60,Transitive FD-NoF,0.75,0.95,0.05,28
320,0.0,0.0,3.481624739231009,0.5019896272810024,134045.81173907017,6000.0,0.0,60,Transitive FD-NoF,0.75,0.95,0.05,28
321,0.0,0.0,3.481624739231009,0.5019896272810024,134045.81173907017,6000.0,0.0,60,Transitive FD-NoF,0.75,0.95,0.05,28
322,0.0,0.0,3.481624739231009,0.5019896272810024,134045.81173907017,6000.0,0.0,60,Transitive FD-NoF,0.75,0.95,0.05,28
323,0.0,0.0,3.481624739231009,0.5019896272810024,134045.81173907017,6000.0,0.0,60,Transitive FD-NoF,0.75,0.95,0.05,28
324,0.0,0.0,3.481624739231009,0.5019896272810024,134045.81173907017,6000.0,0.0,60,Transitive FD-NoF,0.75,0.95,0.05,28
325,0.0,0.0,3.481624739231009,0.5019896272810024,134045.81173907017,6000.0,0.0,60,Transitive FD-NoF,0.75,0.95,0.05,28
326,0.0,0.0,3.481624739231009,0.5019896272810024,134045.81173907017,6000.0,0.0,60,Transitive FD-NoF,0.75,0.95,0.05,28
327,0.0,0.0,3.481624739231009,0.5019896272810024,134045.81173907017,6000.0,0.0,60,Transitive FD-NoF,0.75,0.95,0.05,28
328,0.0,0.0,3.481624739231009,0.5019896272810024,134045.81173907017,6000.0,0.0,60,Transitive FD-NoF,0.75,0.95,0.05,28
329,0.0,0.0,3.481624739231009,0.5019896272810024,134045.81173907017,6000.0,0.0,60,Transitive FD-NoF,0.75,0.95,0.05,28
330,0.0,0.0,3.481624739231009,0.5019896272810024,134045.81173907017,6000.0,0.0,60,Transitive FD-NoF,0.75,0.95,0.05,28
331,0.0,0.0,3.481624739231009,0.5019896272810024,134045.81173907017,6000.0,0.0,60,Transitive FD-NoF,0.75,0.95,0.05,28
332,0.0,0.0,3.481624739231009,0.5019896272810024,134045.81173907017,6000.0,0.0,60,Transitive FD-NoF,0.75,0.95,0.05,28
333,0.0,0.0,3.481624739231009,0.5019896272810024,134045.81173907017,6000.0,0.0,60,Transitive FD-NoF,0.75,0.95,0.05,28
334,0.0,0.0,3.481624739231009,0.5019896272810024,134045.81173907017,6000.0,0.0,60,Transitive FD-NoF,0.75,0.95,0.05,28
335,0.0,0.0,3.481624739231009,0.5019896272810024,134045.81173907017,6000.0,0.0,60,Transitive FD-NoF,0.75,0.95,0.05,28
336,0.0,0.0,3.481624739231009,0.5019896272810024,134045.81173907017,6000.0,0.0,60,Transitive FD-NoF,0.75,0.95,0.05,28
337,0.0,0.0,3.481624739231009,0.5019896272810024,134045.81173907017,6000.0,0.0,60,Transitive FD-NoF,0.75,0.95,0.05,28
338,0.0,0.0,3.481624739231009,0.5019896272810024,134045.81173907017,6000.0,0.0,60,Transitive FD-NoF,0.75,0.95,0.05,28
339,0.0,0.0,3.481624739231009,0.5019896272810024,134045.81173907017,6000.0,0.0,60,Transitive FD-NoF,0.75,0.95,0.05,28
340,0.0,0.0,3.481624739231009,0.5019896272810024,134045.81173907017,6000.0,0.0,60,Transitive FD-NoF,0.75,0.95,0.05,28
341,0.0,0.0,3.481624739231009,0.5019896272810024,134045.81173907017,6000.0,0.0,60,Transitive FD-NoF,0.75,0.95,0.05,28
342,0.0,0.0,3.481624739231009,0.5019896272810024,134045.81173907017,6000.0,0.0,60,Transitive FD-NoF,0.75,0.95,0.05,28
343,0.0,0.0,3.481624739231009,0.5019896272810024,134045.81173907017,6000.0,0.0,60,Transitive FD-NoF,0.75,0.95,0.05,28
344,0.0,0.0,3.481624739231009,0.5019896272810024,134045.81173907017,6000.0,0.0,60,Transitive FD-NoF,0.75,0.95,0.05,28
345,0.0,0.0,3.481624739231009,0.5019896272810024,134045.81173907017,6000.0,0.0,60,Transitive FD-NoF,0.75,0.95,0.05,28
346,0.0,0.0,3.481624739231009,0.5019896272810024,134045.81173907017,6000.0,0.0,60,Transitive FD-NoF,0.75,0.95,0.05,28
347,0.0,0.0,3.481624739231009,0.5019896272810024,134045.81173907017,6000.0,0.0,60,Transitive FD-NoF,0.75,0.95,0.05,28
348,0.0,0.0,3.481624739231009,0.5019896272810024,134045.81173907017,6000.0,0.0,60,Transitive FD-NoF,0.75,0.95,0.05,28
349,0.0,0.0,3.481624739231009,0.5019896272810024,134045.81173907017,6000.0,0.0,60,Transitive FD-NoF,0.75,0.95,0.05,28
350,0.0,0.0,3.481624739231009,0.5019896272810024,134045.81173907017,6000.0,0.0,60,Transitive FD-NoF,0.75,0.95,0.05,28
351,0.0,0.0,3.481624739231009,0.5019896272810024,134045.81173907017,6000.0,0.0,60,Transitive FD-NoF,0.75,0.95,0.05,28
352,0.0,0.0,3.481624739231009,0.5019896272810024,134045.81173907017,6000.0,0.0,60,Transitive FD-NoF,0.75,0.95,0.05,28
353,0.0,0.0,3.481624739231009,0.5019896272810024,134045.81173907017,6000.0,0.0,60,Transitive FD-NoF,0.75,0.95,0.05,28
354,0.0,0.0,3.481624739231009,0.5019896272810024,134045.81173907017,6000.0,0.0,60,Transitive FD-NoF,0.75,0.95,0.05,28
355,0.0,0.0,3.481624739231009,0.5019896272810024,134045.81173907017,6000.0,0.0,60,Transitive FD-NoF,0.75,0.95,0.05,28
356,0.0,0.0,3.481624739231009,0.5019896272810024,134045.81173907017,6000.0,0.0,60,Transitive FD-NoF,0.75,0.95,0.05,28
357,0.0,0.0,3.481624739231009,0.5019896272810024,134045.81173907017,6000.0,0.0,60,Transitive FD-NoF,0.75,0.95,0.05,28
358,0.0,0.0,3.481624739231009,0.5019896272810024,134045.81173907017,6000.0,0.0,60,Transitive FD-NoF,0.75,0.95,0.05,28
359,0.0,0.0,3.481624739231009,0.5019896272810024,134045.81173907017,6000.0,0.0,60,Transitive FD-NoF,0.75,0.95,0.05,28
360,0.0,0.0,3.481624739231009,0.5019896272810024,134045.81173907017,6000.0,0.0,60,Transitive FD-NoF,0.75,0.95,0.05,28
361,0.0,0.0,3.481624739231009,0.5019896272810024,134045.81173907017,6000.0,0.0,60,Transitive FD-NoF,0.75,0.95,0.05,28
362,0.0,0.0,3.481624739231009,0.5019896272810024,134045.81173907017,6000.0,0.0,60,Transitive FD-NoF,0.75,0.95,0.05,28
363,0.0,0.0,3.481624739231009,0.5019896272810024,134045.81173907017,6000.0,0.0,60,Transitive FD-NoF,0.75,0.95,0.05,28
364,0.0,0.0,3.481624739231009,0.5019896272810024,134045.81173907017,6000.0,0.0,60,Transitive FD-NoF,0.75,0.95,0.05,28
365,0.0,0.0,3.481624739231009,0.5019896272810024,134045.81173907017,6000.0,0.0,60,Transitive FD-NoF,0.75,0.95,0.05,28
366,0.0,0.0,3.481624739231009,0.5019896272810024,134045.81173907017,6000.0,0.0,60,Transitive FD-NoF,0.75,0.95,0.05,28
367,0.0,0.0,3.481624739231009,0.5019896272810024,134045.81173907017,6000.0,0.0,60,Transitive FD-NoF,0.75,0.95,0.05,28
368,0.0,0.0,3.481624739231009,0.5019896272810024,134045.81173907017,6000.0,0.0,60,Transitive FD-NoF,0.75,0.95,0.05,28
369,0.0,0.0,3.481624739231009,0.5019896272810024,134045.81173907017,6000.0,0.0,60,Transitive FD-NoF,0.75,0.95,0.05,28
370,0.0,0.0,3.481624739231009,0.5019896272810024,134045.81173907017,6000.0,0.0,60,Transitive FD-NoF,0.75,0.95,0.05,28
371,0.0,0.0,3.481624739231009,0.5019896272810024,134045.81173907017,6000.0,0.0,60,Transitive FD-NoF,0.75,0.95,0.05,28
372,0.0,0.0,3.481624739231009,0.5019896272810024,134045.81173907017,6000.0,0.0,60,Transitive FD-NoF,0.75,0.95,0.05,28
373,0.0,0.0,3.481624739231009,0.5019896272810024,134045.81173907017,6000.0,0.0,60,Transitive FD-NoF,0.75,0.95,0.05,28
374,0.0,0.0,3.481624739231009,0.5019896272810024,134045.81173907017,6000.0,0.0,60,Transitive FD-NoF,0.75,0.95,0.05,28
375,0.0,0.0,3.481624739231009,0.5019896272810024,134045.81173907017,6000.0,0.0,60,Transitive FD-NoF,0.75,0.95,0.05,28
376,0.0,0.0,3.481624739231009,0.5019896272810024,134045.81173907017,6000.0,0.0,60,Transitive FD-NoF,0.75,0.95,0.05,28
377,0.0,0.0,3.481624739231009,0.5019896272810024,134045.81173907017,6000.0,0.0,60,Transitive FD-NoF,0.75,0.95,0.05,28
378,0.0,0.0,3.481624739231009,0.5019896272810024,134045.81173907017,6000.0,0.0,60,Transitive FD-NoF,0.75,0.95,0.05,28
379,0.0,0.0,3.481624739231009,0.5019896272810024,134045.81173907017,6000.0,0.0,60,Transitive FD-NoF,0.75,0.95,0.05,28
380,0.0,0.0,3.481624739231009,0.5019896272810024,134045.81173907017,6000.0,0.0,60,Transitive FD-NoF,0.75,0.95,0.05,28
381,0.0,0.0,3.481624739231009,0.5019896272810024,134045.81173907017,6000.0,0.0,60,Transitive FD-NoF,0.75,0.95,0.05,28
382,0.0,0.0,3.481624739231009,0.5019896272810024,134045.81173907017,6000.0,0.0,60,Transitive FD-NoF,0.75,0.95,0.05,28
383,0.0,0.0,3.481624739231009,0.5019896272810024,134045.81173907017,6000.0,0.0,60,Transitive FD-NoF,0.75,0.95,0.05,28
384,0.0,0.0,3.481624739231009,0.5019896272810024,134045.81173907017,6000.0,0.0,60,Transitive FD-NoF,0.75,0.95,0.05,28
385,0.0,0.0,3.481624739231009,0.5019896272810024,134045.81173907017,6000.0,0.0,60,Transitive FD-NoF,0.75,0.95,0.05,28
386,0.0,0.0,3.481624739231009,0.5019896272810024,134045.81173907017,6000.0,0.0,60,Transitive FD-NoF,0.75,0.95,0.05,28
387,0.0,0.0,3.481624739231009,0.5019896272810024,134045.81173907017,6000.0,0.0,60,Transitive FD-NoF,0.75,0.95,0.05,28
388,0.0,0.0,3.481624739231009,0.5019896272810024,134045.81173907017,6000.0,0.0,60,Transitive FD-NoF,0.75,0.95,0.05,28
389,0.0,0.0,3.481624739231009,0.5019896272810024,134045.81173907017,6000.0,0.0,60,Transitive FD-NoF,0.75,0.95,0.05,28
390,0.0,0.0,3.481624739231009,0.5019896272810024,134045.81173907017,6000.0,0.0,60,Transitive FD-NoF,0.75,0.95,0.05,28
391,0.0,0.0,3.481624739231009,0.5019896272810024,134045.81173907017,6000.0,0.0,60,Transitive FD-NoF,0.75,0.95,0.05,28
392,0.0,0.0,3.481624739231009,0.5019896272810024,134045.81173907017,6000.0,0.0,60,Transitive FD-NoF,0.75,0.95,0.05,28
393,0.0,0.0,3.481624739231009,0.5019896272810024,134045.81173907017,6000.0,0.0,60,Transitive FD-NoF,0.75,0.95,0.05,28
394,0.0,0.0,3.481624739231009,0.5019896272810024,134045.81173907017,6000.0,0.0,60,Transitive FD-NoF,0.75,0.95,0.05,28
395,0.0,0.0,3.481624739231009,0.5019896272810024,134045.81173907017,6000.0,0.0,60,Transitive FD-NoF,0.75,0.95,0.05,28
396,0.0,0.0,3.481624739231009,0.5019896272810024,134045.81173907017,6000.0,0.0,60,Transitive FD-NoF,0.75,0.95,0.05,28
397,0.0,0.0,3.481624739231009,0.5019896272810024,134045.81173907017,6000.0,0.0,60,Transitive FD-NoF,0.75,0.95,0.05,28
398,0.0,0.0,3.481624739231009,0.5019896272810024,134045.81173907017,6000.0,0.0,60,Transitive FD-NoF,0.75,0.95,0.05,28
399,0.0,0.0,3.481624739231009,0.5019896272810024,134045.81173907017,6000.0,0.0,60,Transitive FD-NoF,0.75,0.95,0.05,28
400,0.0,0.0,3.481624739231009,0.5019896272810024,134045.81173907017,6000.0,0.0,60,Transitive FD-NoF,0.75,0.95,0.05,28
401,0.0,0.0,3.481624739231009,0.5019896272810024,134045.81173907017,6000.0,0.0,60,Transitive FD-NoF,0.75,0.95,0.05,28
402,0.0,0.0,3.481624739231009,0.5019896272810024,134045.81173907017,6000.0,0.0,60,Transitive FD-NoF,0.75,0.95,0.05,28
403,0.0,0.0,3.481624739231009,0.5019896272810024,134045.81173907017,6000.0,0.0,60,Transitive FD-NoF,0.75,0.95,0.05,28
404,0.0,0.0,3.481624739231009,0.5019896272810024,134045.81173907017,6000.0,0.0,60,Transitive FD-NoF,0.75,0.95,0.05,28
405,0.0,0.0,3.481624739231009,0.5019896272810024,134045.81173907017,6000.0,0.0,60,Transitive FD-NoF,0.75,0.95,0.05,28
406,0.0,0.0,3.481624739231009,0.5019896272810024,134045.81173907017,6000.0,0.0,60,Transitive FD-NoF,0.75,0.95,0.05,28
407,0.0,0.0,3.481624739231009,0.5019896272810024,134045.81173907017,6000.0,0.0,60,Transitive FD-NoF,0.75,0.95,0.05,28
408,0.0,0.0,3.481624739231009,0.5019896272810024,134045.81173907017,6000.0,0.0,60,Transitive FD-NoF,0.75,0.95,0.05,28
409,0.0,0.0,3.481624739231009,0.5019896272810024,134045.81173907017,6000.0,0.0,60,Transitive FD-NoF,0.75,0.95,0.05,28
410,0.0,0.0,3.481624739231009,0.5019896272810024,134045.81173907017,6000.0,0.0,60,Transitive FD-NoF,0.75,0.95,0.05,28
411,0.0,0.0,3.481624739231009,0.5019896272810024,134045.81173907017,6000.0,0.0,60,Transitive FD-NoF,0.75,0.95,0.05,28
412,0.0,0.0,3.481624739231009,0.5019896272810024,134045.81173907017,6000.0,0.0,60,Transitive FD-NoF,0.75,0.95,0.05,28
413,0.0,0.0,3.481624739231009,0.5019896272810024,134045.81173907017,6000.0,0.0,60,Transitive FD-NoF,0.75,0.95,0.05,28
414,0.0,0.0,3.481624739231009,0.5019896272810024,134045.81173907017,6000.0,0.0,60,Transitive FD-NoF,0.75,0.95,0.05,28
415,0.0,0.0,3.481624739231009,0.5019896272810024,134045.81173907017,6000.0,0.0,60,Transitive FD-NoF,0.75,0.95,0.05,28
416,0.0,0.0,3.481624739231009,0.5019896272810024,134045.81173907017,6000.0,0.0,60,Transitive FD-NoF,0.75,0.95,0.05,28
417,0.0,0.0,3.481624739231009,0.5019896272810024,134045.81173907017,6000.0,0.0,60,Transitive FD-NoF,0.75,0.95,0.05,28
418,0.0,0.0,3.481624739231009,0.5019896272810024,134045.81173907017,6000.0,0.0,60,Transitive FD-NoF,0.75,0.95,0.05,28
419,0.0,0.0,3.481624739231009,0.5019896272810024,134045.81173907017,6000.0,0.0,60,Transitive FD-NoF,0.75,0.95,0.05,28
420,0.0,0.0,3.481624739231009,0.5019896272810024,134045.81173907017,6000.0,0.0,60,Transitive FD-NoF,0.75,0.95,0.05,28
421,0.0,0.0,3.481624739231009,0.5019896272810024,134045.81173907017,6000.0,0.0,60,Transitive FD-NoF,0.75,0.95,0.05,28
422,0.0,0.0,3.481624739231009,0.5019896272810024,134045.81173907017,6000.0,0.0,60,Transitive FD-NoF,0.75,0.95,0.05,28
423,0.0,0.0,3.481624739231009,0.5019896272810024,134045.81173907017,6000.0,0.0,60,Transitive FD-NoF,0.75,0.95,0.05,28
424,0.0,0.0,3.481624739231009,0.5019896272810024,134045.81173907017,6000.0,0.0,60,Transitive FD-NoF,0.75,0.95,0.05,28
425,0.0,0.0,3.481624739231009,0.5019896272810024,134045.81173907017,6000.0,0.0,60,Transitive FD-NoF,0.75,0.95,0.05,28
426,0.0,0.0,3.481624739231009,0.5019896272810024,134045.81173907017,6000.0,0.0,60,Transitive FD-NoF,0.75,0.95,0.05,28
427,0.0,0.0,3.481624739231009,0.5019896272810024,134045.81173907017,6000.0,0.0,60,Transitive FD-NoF,0.75,0.95,0.05,28
428,0.0,0.0,3.481624739231009,0.5019896272810024,134045.81173907017,6000.0,0.0,60,Transitive FD-NoF,0.75,0.95,0.05,28
429,0.0,0.0,3.481624739231009,0.5019896272810024,134045.81173907017,6000.0,0.0,60,Transitive FD-NoF,0.75,0.95,0.05,28
430,0.0,0.0,3.481624739231009,0.5019896272810024,134045.81173907017,6000.0,0.0,60,Transitive FD-NoF,0.75,0.95,0.05,28
431,0.0,0.0,3.481624739231009,0.5019896272810024,134045.81173907017,6000.0,0.0,60,Transitive FD-NoF,0.75,0.95,0.05,28
432,0.0,0.0,3.481624739231009,0.5019896272810024,134045.81173907017,6000.0,0.0,60,Transitive FD-NoF,0.75,0.95,0.05,28
433,0.0,0.0,3.481624739231009,0.5019896272810024,134045.81173907017,6000.0,0.0,60,Transitive FD-NoF,0.75,0.95,0.05,28
434,0.0,0.0,3.481624739231009,0.5019896272810024,134045.81173907017,6000.0,0.0,60,Transitive FD-NoF,0.75,0.95,0.05,28
435,0.0,0.0,3.481624739231009,0.5019896272810024,134045.81173907017,6000.0,0.0,60,Transitive FD-NoF,0.75,0.95,0.05,28
436,0.0,0.0,3.481624739231009,0.5019896272810024,134045.81173907017,6000.0,0.0,60,Transitive FD-NoF,0.75,0.95,0.05,28
437,0.0,0.0,3.481624739231009,0.5019896272810024,134045.81173907017,6000.0,0.0,60,Transitive FD-NoF,0.75,0.95,0.05,28
438,0.0,0.0,3.481624739231009,0.5019896272810024,134045.81173907017,6000.0,0.0,60,Transitive FD-NoF,0.75,0.95,0.05,28
439,0.0,0.0,3.481624739231009,0.5019896272810024,134045.81173907017,6000.0,0.0,60,Transitive FD-NoF,0.75,0.95,0.05,28
440,0.0,0.0,3.481624739231009,0.5019896272810024,134045.81173907017,6000.0,0.0,60,Transitive FD-NoF,0.75,0.95,0.05,28
441,0.0,0.0,3.481624739231009,0.5019896272810024,134045.81173907017,6000.0,0.0,60,Transitive FD-NoF,0.75,0.95,0.05,28
442,0.0,0.0,3.481624739231009,0.5019896272810024,134045.81173907017,6000.0,0.0,60,Transitive FD-NoF,0.75,0.95,0.05,28
443,0.0,0.0,3.481624739231009,0.5019896272810024,134045.81173907017,6000.0,0.0,60,Transitive FD-NoF,0.75,0.95,0.05,28
444,0.0,0.0,3.481624739231009,0.5019896272810024,134045.81173907017,6000.0,0.0,60,Transitive FD-NoF,0.75,0.95,0.05,28
445,0.0,0.0,3.481624739231009,0.5019896272810024,134045.81173907017,6000.0,0.0,60,Transitive FD-NoF,0.75,0.95,0.05,28
446,0.0,0.0,3.481624739231009,0.5019896272810024,134045.81173907017,6000.0,0.0,60,Transitive FD-NoF,0.75,0.95,0.05,28
447,0.0,0.0,3.481624739231009,0.5019896272810024,134045.81173907017,6000.0,0.0,60,Transitive FD-NoF,0.75,0.95,0.05,28
448,0.0,0.0,3.481624739231009,0.5019896272810024,134045.81173907017,6000.0,0.0,60,Transitive FD-NoF,0.75,0.95,0.05,28
449,0.0,0.0,3.481624739231009,0.5019896272810024,134045.81173907017,6000.0,0.0,60,Transitive FD-NoF,0.75,0.95,0.05,28
450,0.0,0.0,3.481624739231009,0.5019896272810024,134045.81173907017,6000.0,0.0,60,Transitive FD-NoF,0.75,0.95,0.05,28
451,0.0,0.0,3.481624739231009,0.5019896272810024,134045.81173907017,6000.0,0.0,60,Transitive FD-NoF,0.75,0.95,0.05,28
452,0.0,0.0,3.481624739231009,0.5019896272810024,134045.81173907017,6000.0,0.0,60,Transitive FD-NoF,0.75,0.95,0.05,28
453,0.0,0.0,3.481624739231009,0.5019896272810024,134045.81173907017,6000.0,0.0,60,Transitive FD-NoF,0.75,0.95,0.05,28
454,0.0,0.0,3.481624739231009,0.5019896272810024,134045.81173907017,6000.0,0.0,60,Transitive FD-NoF,0.75,0.95,0.05,28
455,0.0,0.0,3.481624739231009,0.5019896272810024,134045.81173907017,6000.0,0.0,60,Transitive FD-NoF,0.75,0.95,0.05,28
456,0.0,0.0,3.481624739231009,0.5019896272810024,134045.81173907017,6000.0,0.0,60,Transitive FD-NoF,0.75,0.95,0.05,28
457,0.0,0.0,3.481624739231009,0.5019896272810024,134045.81173907017,6000.0,0.0,60,Transitive FD-NoF,0.75,0.95,0.05,28
458,0.0,0.0,3.481624739231009,0.5019896272810024,134045.81173907017,6000.0,0.0,60,Transitive FD-NoF,0.75,0.95,0.05,28
459,0.0,0.0,3.481624739231009,0.5019896272810024,134045.81173907017,6000.0,0.0,60,Transitive FD-NoF,0.75,0.95,0.05,28
460,0.0,0.0,3.481624739231009,0.5019896272810024,134045.81173907017,6000.0,0.0,60,Transitive FD-NoF,0.75,0.95,0.05,28
461,0.0,0.0,3.481624739231009,0.5019896272810024,134045.81173907017,6000.0,0.0,60,Transitive FD-NoF,0.75,0.95,0.05,28
462,0.0,0.0,3.481624739231009,0.5019896272810024,134045.81173907017,6000.0,0.0,60,Transitive FD-NoF,0.75,0.95,0.05,28
463,0.0,0.0,3.481624739231009,0.5019896272810024,134045.81173907017,6000.0,0.0,60,Transitive FD-NoF,0.75,0.95,0.05,28
464,0.0,0.0,3.481624739231009,0.5019896272810024,134045.81173907017,6000.0,0.0,60,Transitive FD-NoF,0.75,0.95,0.05,28
465,0.0,0.0,3.481624739231009,0.5019896272810024,134045.81173907017,6000.0,0.0,60,Transitive FD-NoF,0.75,0.95,0.05,28
466,0.0,0.0,3.481624739231009,0.5019896272810024,134045.81173907017,6000.0,0.0,60,Transitive FD-NoF,0.75,0.95,0.05,28
467,0.0,0.0,3.481624739231009,0.5019896272810024,134045.81173907017,6000.0,0.0,60,Transitive FD-NoF,0.75,0.95,0.05,28
468,0.0,0.0,3.481624739231009,0.5019896272810024,134045.81173907017,6000.0,0.0,60,Transitive FD-NoF,0.75,0.95,0.05,28
469,0.0,0.0,3.481624739231009,0.5019896272810024,134045.81173907017,6000.0,0.0,60,Transitive FD-NoF,0.75,0.95,0.05,28
470,0.0,0.0,3.481624739231009,0.5019896272810024,134045.81173907017,6000.0,0.0,60,Transitive FD-NoF,0.75,0.95,0.05,28
471,0.0,0.0,3.481624739231009,0.5019896272810024,134045.81173907017,6000.0,0.0,60,Transitive FD-NoF,0.75,0.95,0.05,28
472,0.0,0.0,3.481624739231009,0.5019896272810024,134045.81173907017,6000.0,0.0,60,Transitive FD-NoF,0.75,0.95,0.05,28
473,0.0,0.0,3.481624739231009,0.5019896272810024,134045.81173907017,6000.0,0.0,60,Transitive FD-NoF,0.75,0.95,0.05,28
474,0.0,0.0,3.481624739231009,0.5019896272810024,134045.81173907017,6000.0,0.0,60,Transitive FD-NoF,0.75,0.95,0.05,28
475,0.0,0.0,3.481624739231009,0.5019896272810024,134045.81173907017,6000.0,0.0,60,Transitive FD-NoF,0.75,0.95,0.05,28
476,0.0,0.0,3.481624739231009,0.5019896272810024,134045.81173907017,6000.0,0.0,60,Transitive FD-NoF,0.75,0.95,0.05,28
477,0.0,0.0,3.481624739231009,0.5019896272810024,134045.81173907017,6000.0,0.0,60,Transitive FD-NoF,0.75,0.95,0.05,28
478,0.0,0.0,3.481624739231009,0.5019896272810024,134045.81173907017,6000.0,0.0,60,Transitive FD-NoF,0.75,0.95,0.05,28
479,0.0,0.0,3.481624739231009,0.5019896272810024,134045.81173907017,6000.0,0.0,60,Transitive FD-NoF,0.75,0.95,0.05,28
480,0.0,0.0,3.481624739231009,0.5019896272810024,134045.81173907017,6000.0,0.0,60,Transitive FD-NoF,0.75,0.95,0.05,28
481,0.0,0.0,3.481624739231009,0.5019896272810024,134045.81173907017,6000.0,0.0,60,Transitive FD-NoF,0.75,0.95,0.05,28
482,0.0,0.0,3.481624739231009,0.5019896272810024,134045.81173907017,6000.0,0.0,60,Transitive FD-NoF,0.75,0.95,0.05,28
483,0.0,0.0,3.481624739231009,0.5019896272810024,134045.81173907017,6000.0,0.0,60,Transitive FD-NoF,0.75,0.95,0.05,28
484,0.0,0.0,3.481624739231009,0.5019896272810024,134045.81173907017,6000.0,0.0,60,Transitive FD-NoF,0.75,0.95,0.05,28
485,0.0,0.0,3.481624739231009,0.5019896272810024,134045.81173907017,6000.0,0.0,60,Transitive FD-NoF,0.75,0.95,0.05,28
486,0.0,0.0,3.481624739231009,0.5019896272810024,134045.81173907017,6000.0,0.0,60,Transitive FD-NoF,0.75,0.95,0.05,28
487,0.0,0.0,3.481624739231009,0.5019896272810024,134045.81173907017,6000.0,0.0,60,Transitive FD-NoF,0.75,0.95,0.05,28
488,0.0,0.0,3.481624739231009,0.5019896272810024,134045.81173907017,6000.0,0.0,60,Transitive FD-NoF,0.75,0.95,0.05,28
489,0.0,0.0,3.481624739231009,0.5019896272810024,134045.81173907017,6000.0,0.0,60,Transitive FD-NoF,0.75,0.95,0.05,28
490,0.0,0.0,3.481624739231009,0.5019896272810024,134045.81173907017,6000.0,0.0,60,Transitive FD-NoF,0.75,0.95,0.05,28
491,0.0,0.0,3.481624739231009,0.5019896272810024,134045.81173907017,6000.0,0.0,60,Transitive FD-NoF,0.75,0.95,0.05,28
492,0.0,0.0,3.481624739231009,0.5019896272810024,134045.81173907017,6000.0,0.0,60,Transitive FD-NoF,0.75,0.95,0.05,28
493,0.0,0.0,3.481624739231009,0.5019896272810024,134045.81173907017,6000.0,0.0,60,Transitive FD-NoF,0.75,0.95,0.05,28
494,0.0,0.0,3.481624739231009,0.5019896272810024,134045.81173907017,6000.0,0.0,60,Transitive FD-NoF,0.75,0.95,0.05,28
495,0.0,0.0,3.481624739231009,0.5019896272810024,134045.81173907017,6000.0,0.0,60,Transitive FD-NoF,0.75,0.95,0.05,28
496,0.0,0.0,3.481624739231009,0.5019896272810024,134045.81173907017,6000.0,0.0,60,Transitive FD-NoF,0.75,0.95,0.05,28
497,0.0,0.0,3.481624739231009,0.5019896272810024,134045.81173907017,6000.0,0.0,60,Transitive FD-NoF,0.75,0.95,0.05,28
498,0.0,0.0,3.481624739231009,0.5019896272810024,134045.81173907017,6000.0,0.0,60,Transitive FD-NoF,0.75,0.95,0.05,28
499,0.0,0.0,3.481624739231009,0.5019896272810024,134045.81173907017,6000.0,0.0,60,Transitive FD-NoF,0.75,0.95,0.05,28
500,0.0,0.0,3.481624739231009,0.5019896272810024,134045.81173907017,6000.0,0.0,60,Transitive FD-NoF,0.75,0.95,0.05,28
501,0.0,0.0,3.481624739231009,0.5019896272810024,134045.81173907017,6000.0,0.0,60,Transitive FD-NoF,0.75,0.95,0.05,28
502,0.0,0.0,3.481624739231009,0.5019896272810024,134045.81173907017,6000.0,0.0,60,Transitive FD-NoF,0.75,0.95,0.05,28
503,0.0,0.0,3.481624739231009,0.5019896272810024,134045.81173907017,6000.0,0.0,60,Transitive FD-NoF,0.75,0.95,0.05,28
504,0.0,0.0,3.481624739231009,0.5019896272810024,134045.81173907017,6000.0,0.0,60,Transitive FD-NoF,0.75,0.95,0.05,28
505,0.0,0.0,3.481624739231009,0.5019896272810024,134045.81173907017,6000.0,0.0,60,Transitive FD-NoF,0.75,0.95,0.05,28
506,0.0,0.0,3.481624739231009,0.5019896272810024,134045.81173907017,6000.0,0.0,60,Transitive FD-NoF,0.75,0.95,0.05,28
507,0.0,0.0,3.481624739231009,0.5019896272810024,134045.81173907017,6000.0,0.0,60,Transitive FD-NoF,0.75,0.95,0.05,28
508,0.0,0.0,3.481624739231009,0.5019896272810024,134045.81173907017,6000.0,0.0,60,Transitive FD-NoF,0.75,0.95,0.05,28
509,0.0,0.0,3.481624739231009,0.5019896272810024,134045.81173907017,6000.0,0.0,60,Transitive FD-NoF,0.75,0.95,0.05,28
510,0.0,0.0,3.481624739231009,0.5019896272810024,134045.81173907017,6000.0,0.0,60,Transitive FD-NoF,0.75,0.95,0.05,28
511,0.0,0.0,3.481624739231009,0.5019896272810024,134045.81173907017,6000.0,0.0,60,Transitive FD-NoF,0.75,0.95,0.05,28
512,0.0,0.0,3.481624739231009,0.5019896272810024,134045.81173907017,6000.0,0.0,60,Transitive FD-NoF,0.75,0.95,0.05,28
513,0.0,0.0,3.481624739231009,0.5019896272810024,134045.81173907017,6000.0,0.0,60,Transitive FD-NoF,0.75,0.95,0.05,28
514,0.0,0.0,3.481624739231009,0.5019896272810024,134045.81173907017,6000.0,0.0,60,Transitive FD-NoF,0.75,0.95,0.05,28
515,0.0,0.0,3.481624739231009,0.5019896272810024,134045.81173907017,6000.0,0.0,60,Transitive FD-NoF,0.75,0.95,0.05,28
516,0.0,0.0,3.481624739231009,0.5019896272810024,134045.81173907017,6000.0,0.0,60,Transitive FD-NoF,0.75,0.95,0.05,28
517,0.0,0.0,3.481624739231009,0.5019896272810024,134045.81173907017,6000.0,0.0,60,Transitive FD-NoF,0.75,0.95,0.05,28
518,0.0,0.0,3.481624739231009,0.5019896272810024,134045.81173907017,6000.0,0.0,60,Transitive FD-NoF,0.75,0.95,0.05,28
519,0.0,0.0,3.481624739231009,0.5019896272810024,134045.81173907017,6000.0,0.0,60,Transitive FD-NoF,0.75,0.95,0.05,28
520,0.0,0.0,3.481624739231009,0.5019896272810024,134045.81173907017,6000.0,0.0,60,Transitive FD-NoF,0.75,0.95,0.05,28
521,0.0,0.0,3.481624739231009,0.5019896272810024,134045.81173907017,6000.0,0.0,60,Transitive FD-NoF,0.75,0.95,0.05,28
522,0.0,0.0,3.481624739231009,0.5019896272810024,134045.81173907017,6000.0,0.0,60,Transitive FD-NoF,0.75,0.95,0.05,28
523,0.0,0.0,3.481624739231009,0.5019896272810024,134045.81173907017,6000.0,0.0,60,Transitive FD-NoF,0.75,0.95,0.05,28
524,0.0,0.0,3.481624739231009,0.5019896272810024,134045.81173907017,6000.0,0.0,60,Transitive FD-NoF,0.75,0.95,0.05,28
525,0.0,0.0,3.481624739231009,0.5019896272810024,134045.81173907017,6000.0,0.0,60,Transitive FD-NoF,0.75,0.95,0.05,28
526,0.0,0.0,3.481624739231009,0.5019896272810024,134045.81173907017,6000.0,0.0,60,Transitive FD-NoF,0.75,0.95,0.05,28
527,0.0,0.0,3.481624739231009,0.5019896272810024,134045.81173907017,6000.0,0.0,60,Transitive FD-NoF,0.75,0.95,0.05,28
528,0.0,0.0,3.481624739231009,0.5019896272810024,134045.81173907017,6000.0,0.0,60,Transitive FD-NoF,0.75,0.95,0.05,28
529,0.0,0.0,3.481624739231009,0.5019896272810024,134045.81173907017,6000.0,0.0,60,Transitive FD-NoF,0.75,0.95,0.05,28
530,0.0,0.0,3.481624739231009,0.5019896272810024,134045.81173907017,6000.0,0.0,60,Transitive FD-NoF,0.75,0.95,0.05,28
531,0.0,0.0,3.481624739231009,0.5019896272810024,134045.81173907017,6000.0,0.0,60,Transitive FD-NoF,0.75,0.95,0.05,28
532,0.0,0.0,3.481624739231009,0.5019896272810024,134045.81173907017,6000.0,0.0,60,Transitive FD-NoF,0.75,0.95,0.05,28
533,0.0,0.0,3.481624739231009,0.5019896272810024,134045.81173907017,6000.0,0.0,60,Transitive FD-NoF,0.75,0.95,0.05,28
534,0.0,0.0,3.481624739231009,0.5019896272810024,134045.81173907017,6000.0,0.0,60,Transitive FD-NoF,0.75,0.95,0.05,28
535,0.0,0.0,3.481624739231009,0.5019896272810024,134045.81173907017,6000.0,0.0,60,Transitive FD-NoF,0.75,0.95,0.05,28
536,0.0,0.0,3.481624739231009,0.5019896272810024,134045.81173907017,6000.0,0.0,60,Transitive FD-NoF,0.75,0.95,0.05,28
537,0.0,0.0,3.481624739231009,0.5019896272810024,134045.81173907017,6000.0,0.0,60,Transitive FD-NoF,0.75,0.95,0.05,28
538,0.0,0.0,3.481624739231009,0.5019896272810024,134045.81173907017,6000.0,0.0,60,Transitive FD-NoF,0.75,0.95,0.05,28
539,0.0,0.0,3.481624739231009,0.5019896272810024,134045.81173907017,6000.0,0.0,60,Transitive FD-NoF,0.75,0.95,0.05,28
540,0.0,0.0,3.481624739231009,0.5019896272810024,134045.81173907017,6000.0,0.0,60,Transitive FD-NoF,0.75,0.95,0.05,28
